一生けん命,1314,1314,3989,名詞,副詞可能,*,*,*,*,一生けん命,イッショウケンメイ,イッショーケンメイ,0/9,*
真昼,1314,1314,5221,名詞,副詞可能,*,*,*,*,真昼,マヒル,マヒル,0/3,*
位,1314,1314,5941,名詞,副詞可能,*,*,*,*,位,クライ,クライ,0/3,C2
今日日,1314,1314,5221,名詞,副詞可能,*,*,*,*,今日日,キョウビ,キョービ,0/4,*
いつか,1314,1314,5896,名詞,副詞可能,*,*,*,*,いつか,イツカ,イツカ,0/3,*
近頃,1314,1314,5337,名詞,副詞可能,*,*,*,*,近頃,チカゴロ,チカゴロ,0/4,*
行く先,1314,1314,5561,名詞,副詞可能,*,*,*,*,行く先,ユクサキ,ユクサキ,0/4,*
３月,1314,1314,2728,名詞,副詞可能,*,*,*,*,３月,サンガツ,サンガツ,1/4,C1
再来年,1314,1314,5101,名詞,副詞可能,*,*,*,*,再来年,サライネン,サライネン,0/5,*
すべて,1314,1314,4851,名詞,副詞可能,*,*,*,*,すべて,スベテ,スベテ,0/3,*
等々,1314,1314,5125,名詞,副詞可能,*,*,*,*,等々,トウトウ,トートー,0/4,*
前回,1314,1314,6647,名詞,副詞可能,*,*,*,*,前回,ゼンカイ,ゼンカイ,0/4,*
全部,1314,1314,5173,名詞,副詞可能,*,*,*,*,全部,ゼンブ,ゼンブ,0/3,*
此の内,1314,1314,5222,名詞,副詞可能,*,*,*,*,此の内,コノウチ,コノウチ,0/4,*
平日,1314,1314,3420,名詞,副詞可能,*,*,*,*,平日,ヘイジツ,ヘイジツ,0/4,C2
現代,1314,1314,7964,名詞,副詞可能,*,*,*,*,現代,ゲンダイ,ゲンダイ,1/4,C1
深夜,1314,1314,4246,名詞,副詞可能,*,*,*,*,深夜,シンヤ,シンヤ,0/3,*
おとつい,1314,1314,6348,名詞,副詞可能,*,*,*,*,おとつい,オトツイ,オトツイ,0/4,*
じき,1314,1314,5569,名詞,副詞可能,*,*,*,*,じき,ジキ,ジキ,0/2,*
砌,1314,1314,5221,名詞,副詞可能,*,*,*,*,砌,ミギリ,ミギリ,0/3,*
時間,1314,1314,1342,名詞,副詞可能,*,*,*,*,時間,ジカン,ジカン,0/3,C2
限り,1314,1314,6391,名詞,副詞可能,*,*,*,*,限り,カギリ,カギリ,1/3,C1
家中,1314,1314,4907,名詞,副詞可能,*,*,*,*,家中,イエジュウ,イエジュー,0/4,C2
このごろ,1314,1314,3320,名詞,副詞可能,*,*,*,*,このごろ,コノゴロ,コノゴロ,0/4,*
道中,1314,1314,5212,名詞,副詞可能,*,*,*,*,道中,ドウチュウ,ドーチュー,0/5,*
上,1314,1314,8877,名詞,副詞可能,*,*,*,*,上,ウエ,ウエ,0/2,*
所所,1314,1314,5373,名詞,副詞可能,*,*,*,*,所所,トコロドコロ,トコロドコロ,4/6,C1
没後,1314,1314,5527,名詞,副詞可能,*,*,*,*,没後,ボツゴ,ボツゴ,0/3,*
全員,1314,1314,6982,名詞,副詞可能,*,*,*,*,全員,ゼンイン,ゼンイン,0/4,*
ひとつ,1314,1314,4501,名詞,副詞可能,*,*,*,*,ひとつ,ヒトツ,ヒトツ,0/3,*
以来,1314,1314,771,名詞,副詞可能,*,*,*,*,以来,イライ,イライ,1/3,C1
毎秋,1314,1314,5204,名詞,副詞可能,*,*,*,*,毎秋,マイシュウ,マイシュー,0/5,*
終夜,1314,1314,5221,名詞,副詞可能,*,*,*,*,終夜,シュウヤ,シューヤ,0/4,*
８月,1314,1314,2807,名詞,副詞可能,*,*,*,*,８月,ハチガツ,ハチガツ,4/4,C2
いっぺん,1314,1314,6672,名詞,副詞可能,*,*,*,*,いっぺん,イッペン,イッペン,0/4,C2
神無月,1314,1314,5221,名詞,副詞可能,*,*,*,*,神無月,カミナヅキ,カミナズキ,3/5,C1
たくさん,1314,1314,1756,名詞,副詞可能,*,*,*,*,たくさん,タクサン,タクサン,0/4,*
死後,1314,1314,5886,名詞,副詞可能,*,*,*,*,死後,シゴ,シゴ,0/2,*
以降,1314,1314,4320,名詞,副詞可能,*,*,*,*,以降,イコウ,イコー,0/3,*
来春,1314,1314,2457,名詞,副詞可能,*,*,*,*,来春,ライシュン,ライシュン,0/4,C2
来春,1314,1314,7376,名詞,副詞可能,*,*,*,*,来春,ライハル,ライハル,0/4,C2
真夜中,1314,1314,5202,名詞,副詞可能,*,*,*,*,真夜中,マヨナカ,マヨナカ,0/4,*
晩秋,1314,1314,5636,名詞,副詞可能,*,*,*,*,晩秋,バンシュウ,バンシュー,0/4,C2
明け方,1314,1314,5122,名詞,副詞可能,*,*,*,*,明け方,アケガタ,アケガタ,0/4,*
じっちゅうはっく,1314,1314,6348,名詞,副詞可能,*,*,*,*,じっちゅうはっく,ジッチュウハック,ジッチュウハック,0/8,*
あまり,1314,1314,6945,名詞,副詞可能,*,*,*,*,あまり,アマリ,アマリ,0/3,*
暮方,1314,1314,5221,名詞,副詞可能,*,*,*,*,暮方,クレガタ,クレガタ,0/4,*
毎朝,1314,1314,5065,名詞,副詞可能,*,*,*,*,毎朝,マイアサ,マイアサ,0/4,*
昔時,1314,1314,5221,名詞,副詞可能,*,*,*,*,昔時,セキジ,セキジ,0/3,*
明日,1314,1314,3114,名詞,副詞可能,*,*,*,*,明日,アシタ,アシタ,3/3,C2
明日,1314,1314,6891,名詞,副詞可能,*,*,*,*,明日,アス,アス,3/3,C2
この頃,1314,1314,5916,名詞,副詞可能,*,*,*,*,この頃,コノゴロ,コノゴロ,0/4,*
従来,1314,1314,5221,名詞,副詞可能,*,*,*,*,従来,ジュウライ,ジューライ,0/5,*
明方,1314,1314,5207,名詞,副詞可能,*,*,*,*,明方,アケガタ,アケガタ,0/4,C2
時折,1314,1314,3199,名詞,副詞可能,*,*,*,*,時折,トキオリ,トキオリ,0/4,*
挙句,1314,1314,5221,名詞,副詞可能,*,*,*,*,挙句,アゲク,アゲク,0/3,*
一昨年,1314,1314,1375,名詞,副詞可能,*,*,*,*,一昨年,イッサクネン,イッサクネン,2/4,C1
一昨年,1314,1314,6541,名詞,副詞可能,*,*,*,*,一昨年,オトトシ,オトトシ,2/4,C1
明けがた,1314,1314,5207,名詞,副詞可能,*,*,*,*,明けがた,アケガタ,アケガタ,0/4,*
その間,1314,1314,6589,名詞,副詞可能,*,*,*,*,その間,ソノカン,ソノカン,0/4,*
来月,1314,1314,5123,名詞,副詞可能,*,*,*,*,来月,ライゲツ,ライゲツ,0/4,*
近く,1314,1314,2940,名詞,副詞可能,*,*,*,*,近く,チカク,チカク,0/3,*
過日,1314,1314,5221,名詞,副詞可能,*,*,*,*,過日,カジツ,カジツ,0/3,*
明明後日,1314,1314,5221,名詞,副詞可能,*,*,*,*,明明後日,シアサッテ,シアサッテ,0/5,*
半分,1314,1314,3314,名詞,副詞可能,*,*,*,*,半分,ハンブン,ハンブン,0/4,*
今春,1314,1314,5042,名詞,副詞可能,*,*,*,*,今春,コンシュン,コンシュン,0/5,*
今どき,1314,1314,5213,名詞,副詞可能,*,*,*,*,今どき,イマドキ,イマドキ,0/4,*
夜さり,1314,1314,5221,名詞,副詞可能,*,*,*,*,夜さり,ヨサリ,ヨサリ,0/3,*
土曜,1314,1314,3988,名詞,副詞可能,*,*,*,*,土曜,ドヨウ,ドヨー,0/3,*
春先,1314,1314,5091,名詞,副詞可能,*,*,*,*,春先,ハルサキ,ハルサキ,0/4,*
払暁,1314,1314,5221,名詞,副詞可能,*,*,*,*,払暁,フツギョウ,フツギョー,0/5,*
別れぎわ,1314,1314,5212,名詞,副詞可能,*,*,*,*,別れぎわ,ワカレギワ,ワカレギワ,0/5,*
旧臘,1314,1314,5221,名詞,副詞可能,*,*,*,*,旧臘,キュウロウ,キューロー,0/5,*
目今,1314,1314,5221,名詞,副詞可能,*,*,*,*,目今,モッコン,モッコン,0/4,*
場合,1314,1314,5150,名詞,副詞可能,*,*,*,*,場合,バアイ,バアイ,0/3,*
昔,1314,1314,4037,名詞,副詞可能,*,*,*,*,昔,ムカシ,ムカシ,0/3,*
生来,1314,1314,5332,名詞,副詞可能,*,*,*,*,生来,セイライ,セイライ,0/4,*
朝暮,1314,1314,5198,名詞,副詞可能,*,*,*,*,朝暮,チョウボ,チョーボ,0/4,*
本日,1314,1314,4786,名詞,副詞可能,*,*,*,*,本日,ホンジツ,ホンジツ,0/4,*
夜前,1314,1314,5221,名詞,副詞可能,*,*,*,*,夜前,ヤゼン,ヤゼン,0/3,*
一生,1314,1314,3611,名詞,副詞可能,*,*,*,*,一生,イッショウ,イッショー,0/4,C2
みずから,1314,1314,6348,名詞,副詞可能,*,*,*,*,みずから,ミズカラ,ミズカラ,0/4,*
元朝,1314,1314,5221,名詞,副詞可能,*,*,*,*,元朝,ガンチョウ,ガンチョー,0/5,*
以後,1314,1314,5932,名詞,副詞可能,*,*,*,*,以後,イゴ,イゴ,0/2,*
昨晩,1314,1314,5316,名詞,副詞可能,*,*,*,*,昨晩,サクバン,サクバン,2/4,C1
小半時,1314,1314,5221,名詞,副詞可能,*,*,*,*,小半時,コハントキ,コハントキ,0/5,*
先だって,1314,1314,4141,名詞,副詞可能,*,*,*,*,先だって,センダッテ,センダッテ,0/5,*
両度,1314,1314,5355,名詞,副詞可能,*,*,*,*,両度,リョウド,リョード,1/3,C1
産後,1314,1314,5457,名詞,副詞可能,*,*,*,*,産後,サンゴ,サンゴ,0/3,*
今回,1314,1314,2815,名詞,副詞可能,*,*,*,*,今回,コンカイ,コンカイ,0/4,*
時下,1314,1314,5524,名詞,副詞可能,*,*,*,*,時下,ジカ,ジカ,0/2,*
せい,1314,1314,7789,名詞,副詞可能,*,*,*,*,せい,セイ,セイ,0/2,*
昨秋,1314,1314,5345,名詞,副詞可能,*,*,*,*,昨秋,サクシュウ,サクシュー,0/5,*
開口一番,1314,1314,6339,名詞,副詞可能,*,*,*,*,開口一番,カイコウイチバン,カイコーイチバン,0/8,*
この節,1314,1314,6348,名詞,副詞可能,*,*,*,*,この節,コノセツ,コノセツ,0/4,*
大方,1314,1314,5432,名詞,副詞可能,*,*,*,*,大方,オオカタ,オーカタ,0/4,C2
来週,1314,1314,5066,名詞,副詞可能,*,*,*,*,来週,ライシュウ,ライシュー,0/5,*
早朝,1314,1314,4683,名詞,副詞可能,*,*,*,*,早朝,ソウチョウ,ソーチョー,0/5,*
一目,1314,1314,5189,名詞,副詞可能,*,*,*,*,一目,ヒトメ,ヒトメ,2/3,C1
此の度,1314,1314,5257,名詞,副詞可能,*,*,*,*,此の度,コノタビ,コノタビ,0/4,*
うち,1314,1314,8571,名詞,副詞可能,*,*,*,*,うち,ウチ,ウチ,0/2,*
一丁,1314,1314,4921,名詞,副詞可能,*,*,*,*,一丁,イッチョウ,イッチョー,0/5,*
満目,1314,1314,5221,名詞,副詞可能,*,*,*,*,満目,マンモク,マンモク,0/4,*
平生,1314,1314,5221,名詞,副詞可能,*,*,*,*,平生,ヘイゼイ,ヘイゼイ,0/4,C2
そもそも,1314,1314,6095,名詞,副詞可能,*,*,*,*,そもそも,ソモソモ,ソモソモ,0/4,*
単身,1314,1314,6456,名詞,副詞可能,*,*,*,*,単身,タンシン,タンシン,0/4,*
先頃,1314,1314,5103,名詞,副詞可能,*,*,*,*,先頃,サキゴロ,サキゴロ,0/4,*
午後,1314,1314,3533,名詞,副詞可能,*,*,*,*,午後,ゴゴ,ゴゴ,0/2,*
夜半,1314,1314,5209,名詞,副詞可能,*,*,*,*,夜半,ヤハン,ヤハン,0/3,*
堅ろう,1314,1314,5221,名詞,副詞可能,*,*,*,*,堅ろう,ケンロウ,ケンロー,0/4,C2
今季,1314,1314,5085,名詞,副詞可能,*,*,*,*,今季,コンキ,コンキ,0/3,*
昨夏,1314,1314,3497,名詞,副詞可能,*,*,*,*,昨夏,サクナツ,サクナツ,1/3,C1
昨夏,1314,1314,6499,名詞,副詞可能,*,*,*,*,昨夏,サッカ,サッカ,1/3,C1
土曜日,1314,1314,6504,名詞,副詞可能,*,*,*,*,土曜日,ドヨウビ,ドヨービ,0/4,*
一躍,1314,1314,4809,名詞,副詞可能,*,*,*,*,一躍,イチヤク,イチヤク,0/4,C2
来年,1314,1314,2483,名詞,副詞可能,*,*,*,*,来年,ライネン,ライネン,0/4,*
当分,1314,1314,3280,名詞,副詞可能,*,*,*,*,当分,トウブン,トーブン,0/4,*
九月,1314,1314,2699,名詞,副詞可能,*,*,*,*,九月,クガツ,クガツ,0/3,*
満面,1314,1314,5483,名詞,副詞可能,*,*,*,*,満面,マンメン,マンメン,0/4,C2
一昨々日,1314,1314,4046,名詞,副詞可能,*,*,*,*,一昨々日,サキオトトイ,サキオトトイ,0/6,*
屡次,1314,1314,5221,名詞,副詞可能,*,*,*,*,屡次,ルジ,ルジ,0/2,*
全体,1314,1314,4060,名詞,副詞可能,*,*,*,*,全体,ゼンタイ,ゼンタイ,0/4,*
むかし,1314,1314,6011,名詞,副詞可能,*,*,*,*,むかし,ムカシ,ムカシ,0/3,*
晩冬,1314,1314,5221,名詞,副詞可能,*,*,*,*,晩冬,バントウ,バントー,0/4,*
暮れ,1314,1314,2580,名詞,副詞可能,*,*,*,*,暮れ,クレ,クレ,0/2,C3
一律,1314,1314,3005,名詞,副詞可能,*,*,*,*,一律,イチリツ,イチリツ,0/4,*
所々,1314,1314,5058,名詞,副詞可能,*,*,*,*,所々,トコロドコロ,トコロドコロ,4/6,C1
月,1314,1314,11949,名詞,副詞可能,*,*,*,*,月,ガツ,ガツ,2/2,C3
一方,1314,1314,2306,名詞,副詞可能,*,*,*,*,一方,イッポウ,イッポー,0/4,*
真っ盛り,1314,1314,4530,名詞,副詞可能,*,*,*,*,真っ盛り,マッサカリ,マッサカリ,3/5,C1
向後,1314,1314,5229,名詞,副詞可能,*,*,*,*,向後,コウゴ,コーゴ,1/3,C1
４月,1314,1314,2973,名詞,副詞可能,*,*,*,*,４月,シガツ,シガツ,3/3,C2
くせ,1314,1314,7198,名詞,副詞可能,*,*,*,*,くせ,クセ,クセ,2/2,C3
去歳,1314,1314,5221,名詞,副詞可能,*,*,*,*,去歳,キョサイ,キョサイ,0/4,*
時期,1314,1314,2405,名詞,副詞可能,*,*,*,*,時期,ジキ,ジキ,0/2,*
きょう,1314,1314,4354,名詞,副詞可能,*,*,*,*,きょう,キョウ,キョー,1/2,C3
のちのち,1314,1314,6348,名詞,副詞可能,*,*,*,*,のちのち,ノチノチ,ノチノチ,0/4,*
結果,1314,1314,644,名詞,副詞可能,*,*,*,*,結果,ケッカ,ケッカ,0/3,C2
大数,1314,1314,5242,名詞,副詞可能,*,*,*,*,大数,タイスウ,タイスー,0/4,*
行先,1314,1314,5282,名詞,副詞可能,*,*,*,*,行先,ユクサキ,ユクサキ,0/4,C2
夜,1314,1314,5244,名詞,副詞可能,*,*,*,*,夜,ヨル,ヨル,1/2,C3
夜,1314,1314,9463,名詞,副詞可能,*,*,*,*,夜,ヨ,ヨ,1/2,C3
短時間,1314,1314,4949,名詞,副詞可能,*,*,*,*,短時間,タンジカン,タンジカン,0/5,*
中頃,1314,1314,5259,名詞,副詞可能,*,*,*,*,中頃,ナカゴロ,ナカゴロ,0/4,*
末葉,1314,1314,5221,名詞,副詞可能,*,*,*,*,末葉,マツヨウ,マツヨー,0/4,*
当世,1314,1314,5222,名詞,副詞可能,*,*,*,*,当世,トウセイ,トーセイ,0/4,*
もと,1314,1314,9179,名詞,副詞可能,*,*,*,*,もと,モト,モト,2/2,C3
暇暇,1314,1314,5221,名詞,副詞可能,*,*,*,*,暇暇,ヒマヒマ,ヒマヒマ,0/4,*
明六つ,1314,1314,5221,名詞,副詞可能,*,*,*,*,明六つ,アケムツ,アケムツ,0/4,*
直後,1314,1314,3674,名詞,副詞可能,*,*,*,*,直後,チョクゴ,チョクゴ,0/4,*
再来月,1314,1314,5221,名詞,副詞可能,*,*,*,*,再来月,サライゲツ,サライゲツ,0/5,*
晩春,1314,1314,5221,名詞,副詞可能,*,*,*,*,晩春,バンシュン,バンシュン,0/5,*
中盤,1314,1314,4905,名詞,副詞可能,*,*,*,*,中盤,チュウバン,チューバン,0/5,*
各々,1314,1314,5374,名詞,副詞可能,*,*,*,*,各々,オノオノ,オノオノ,0/4,*
なかば,1314,1314,6626,名詞,副詞可能,*,*,*,*,なかば,ナカバ,ナカバ,0/3,C1
翌年,1314,1314,2957,名詞,副詞可能,*,*,*,*,翌年,ヨクネン,ヨクネン,0/4,C2
翌年,1314,1314,7326,名詞,副詞可能,*,*,*,*,翌年,ヨクトシ,ヨクトシ,0/4,C2
時,1314,1314,9674,名詞,副詞可能,*,*,*,*,時,トキ,トキ,2/2,C3
朝まだき,1314,1314,5221,名詞,副詞可能,*,*,*,*,朝まだき,アサマダキ,アサマダキ,0/5,*
少々,1314,1314,8304,名詞,副詞可能,*,*,*,*,少々,ショウショウ,ショーショー,0/6,*
長期,1314,1314,6914,名詞,副詞可能,*,*,*,*,長期,チョウキ,チョーキ,0/4,*
九分九厘,1314,1314,4046,名詞,副詞可能,*,*,*,*,九分九厘,クブクリン,クブクリン,0/5,*
他,1314,1314,8014,名詞,副詞可能,*,*,*,*,他,ホカ,ホカ,0/2,C3
ぜんぶ,1314,1314,6371,名詞,副詞可能,*,*,*,*,ぜんぶ,ゼンブ,ゼンブ,0/3,*
足早,1314,1314,5221,名詞,副詞可能,*,*,*,*,足早,アシバヤ,アシバヤ,0/4,*
一回り,1314,1314,5117,名詞,副詞可能,*,*,*,*,一回り,ヒトマワリ,ヒトマワリ,0/5,*
客月,1314,1314,5221,名詞,副詞可能,*,*,*,*,客月,カクゲツ,カクゲツ,0/4,*
津々浦々,1314,1314,5221,名詞,副詞可能,*,*,*,*,津々浦々,ツツウラウラ,ツツウラウラ,0/6,*
一刻,1314,1314,4435,名詞,副詞可能,*,*,*,*,一刻,イッコク,イッコク,0/4,*
いっさい,1314,1314,6251,名詞,副詞可能,*,*,*,*,いっさい,イッサイ,イッサイ,0/4,*
元来,1314,1314,4752,名詞,副詞可能,*,*,*,*,元来,ガンライ,ガンライ,0/4,*
昨春,1314,1314,5212,名詞,副詞可能,*,*,*,*,昨春,サクシュン,サクシュン,0/5,*
１２月,1314,1314,899,名詞,副詞可能,*,*,*,*,１２月,ジュウニガツ,ジューニガツ,5/5,C2
中期,1314,1314,6246,名詞,副詞可能,*,*,*,*,中期,チュウキ,チューキ,0/4,*
急ぎ,1314,1314,4087,名詞,副詞可能,*,*,*,*,急ぎ,イソギ,イソギ,3/3,C2
水曜,1314,1314,5306,名詞,副詞可能,*,*,*,*,水曜,スイヨウ,スイヨー,0/4,*
若干,1314,1314,5216,名詞,副詞可能,*,*,*,*,若干,ジャッカン,ジャッカン,0/4,C2
来夏,1314,1314,4561,名詞,副詞可能,*,*,*,*,来夏,ライカ,ライカ,0/3,*
小半日,1314,1314,5221,名詞,副詞可能,*,*,*,*,小半日,コハンニチ,コハンニチ,0/5,*
木曜日,1314,1314,5149,名詞,副詞可能,*,*,*,*,木曜日,モクヨウビ,モクヨービ,0/5,*
木曜,1314,1314,5288,名詞,副詞可能,*,*,*,*,木曜,モクヨウ,モクヨー,0/4,*
下,1314,1314,8067,名詞,副詞可能,*,*,*,*,下,モト,モト,2/2,C3
内実,1314,1314,5390,名詞,副詞可能,*,*,*,*,内実,ナイジツ,ナイジツ,0/4,C2
一昨昨年,1314,1314,4046,名詞,副詞可能,*,*,*,*,一昨昨年,サキオトトシ,サキオトトシ,0/6,*
席上,1314,1314,5336,名詞,副詞可能,*,*,*,*,席上,セキジョウ,セキジョー,0/5,*
近年,1314,1314,5196,名詞,副詞可能,*,*,*,*,近年,キンネン,キンネン,0/4,*
今次,1314,1314,5220,名詞,副詞可能,*,*,*,*,今次,コンジ,コンジ,0/3,*
傍ら,1314,1314,5497,名詞,副詞可能,*,*,*,*,傍ら,カタワラ,カタワラ,0/4,*
反面,1314,1314,5178,名詞,副詞可能,*,*,*,*,反面,ハンメン,ハンメン,0/4,*
一章,1314,1314,4397,名詞,副詞可能,*,*,*,*,一章,イッショウ,イッショー,0/5,*
さっき,1314,1314,6575,名詞,副詞可能,*,*,*,*,さっき,サッキ,サッキ,0/3,*
あいだ,1314,1314,6701,名詞,副詞可能,*,*,*,*,あいだ,アイダ,アイダ,0/3,C2
隔年,1314,1314,5478,名詞,副詞可能,*,*,*,*,隔年,カクネン,カクネン,0/4,*
後半,1314,1314,4009,名詞,副詞可能,*,*,*,*,後半,コウハン,コーハン,0/4,C2
案外,1314,1314,5576,名詞,副詞可能,*,*,*,*,案外,アンガイ,アンガイ,0/4,*
先般,1314,1314,5219,名詞,副詞可能,*,*,*,*,先般,センパン,センパン,0/4,*
本年,1314,1314,5229,名詞,副詞可能,*,*,*,*,本年,ホンネン,ホンネン,0/4,*
初年,1314,1314,5235,名詞,副詞可能,*,*,*,*,初年,ショネン,ショネン,0/4,*
真夏,1314,1314,5760,名詞,副詞可能,*,*,*,*,真夏,マナツ,マナツ,0/3,C2
昨冬,1314,1314,5216,名詞,副詞可能,*,*,*,*,昨冬,サクトウ,サクトー,0/4,*
平常,1314,1314,5581,名詞,副詞可能,*,*,*,*,平常,ヘイジョウ,ヘイジョー,0/5,*
次第,1314,1314,5711,名詞,副詞可能,*,*,*,*,次第,シダイ,シダイ,0/3,C2
中葉,1314,1314,5431,名詞,副詞可能,*,*,*,*,中葉,チュウヨウ,チューヨー,0/5,*
元年,1314,1314,5140,名詞,副詞可能,*,*,*,*,元年,ガンネン,ガンネン,1/4,C1
前週,1314,1314,6034,名詞,副詞可能,*,*,*,*,前週,ゼンシュウ,ゼンシュー,0/5,*
一矢,1314,1314,3882,名詞,副詞可能,*,*,*,*,一矢,イッシ,イッシ,1/3,C1
太古,1314,1314,4968,名詞,副詞可能,*,*,*,*,太古,タイコ,タイコ,1/3,C1
万世,1314,1314,4173,名詞,副詞可能,*,*,*,*,万世,バンセイ,バンセイ,1/4,C1
一昼夜,1314,1314,4046,名詞,副詞可能,*,*,*,*,一昼夜,イッチュウヤ,イッチューヤ,0/6,*
その時,1314,1314,9776,名詞,副詞可能,*,*,*,*,その時,ソノトキ,ソノトキ,0/4,*
半日,1314,1314,4505,名詞,副詞可能,*,*,*,*,半日,ハンニチ,ハンニチ,4/4,C2
かわり,1314,1314,6271,名詞,副詞可能,*,*,*,*,かわり,カワリ,カワリ,0/3,*
毎次,1314,1314,5221,名詞,副詞可能,*,*,*,*,毎次,マイジ,マイジ,0/3,*
事実,1314,1314,5071,名詞,副詞可能,*,*,*,*,事実,ジジツ,ジジツ,0/3,*
総て,1314,1314,5007,名詞,副詞可能,*,*,*,*,総て,スベテ,スベテ,0/3,*
生々世々,1314,1314,5221,名詞,副詞可能,*,*,*,*,生々世々,ショウジョウセゼ,ショージョーセゼ,0/8,*
とおり,1314,1314,6738,名詞,副詞可能,*,*,*,*,とおり,トオリ,トーリ,0/3,*
将来,1314,1314,4806,名詞,副詞可能,*,*,*,*,将来,ショウライ,ショーライ,0/5,*
真際,1314,1314,5189,名詞,副詞可能,*,*,*,*,真際,マギワ,マギワ,0/3,*
まっ最中,1314,1314,6276,名詞,副詞可能,*,*,*,*,まっ最中,マッサイチュウ,マッサイチュー,0/7,*
月曜日,1314,1314,5072,名詞,副詞可能,*,*,*,*,月曜日,ゲツヨウビ,ゲツヨービ,0/5,*
瞬間,1314,1314,5218,名詞,副詞可能,*,*,*,*,瞬間,シュンカン,シュンカン,0/5,*
処処,1314,1314,5152,名詞,副詞可能,*,*,*,*,処処,トコロドコロ,トコロドコロ,4/6,C1
冬季,1314,1314,5679,名詞,副詞可能,*,*,*,*,冬季,トウキ,トーキ,1/3,C1
宵,1314,1314,4448,名詞,副詞可能,*,*,*,*,宵,ヨイ,ヨイ,0/2,*
いちばん,1314,1314,5348,名詞,副詞可能,*,*,*,*,いちばん,イチバン,イチバン,0/4,*
一年中,1314,1314,5203,名詞,副詞可能,*,*,*,*,一年中,イチネンジュウ,イチネンジュー,0/6,C2
年末,1314,1314,4138,名詞,副詞可能,*,*,*,*,年末,ネンマツ,ネンマツ,0/4,*
いま,1314,1314,4370,名詞,副詞可能,*,*,*,*,いま,イマ,イマ,0/2,*
早暁,1314,1314,5216,名詞,副詞可能,*,*,*,*,早暁,ソウギョウ,ソーギョー,0/5,*
半ば,1314,1314,5382,名詞,副詞可能,*,*,*,*,半ば,ナカバ,ナカバ,0/3,*
双方,1314,1314,6922,名詞,副詞可能,*,*,*,*,双方,ソウホウ,ソーホー,0/4,*
明年,1314,1314,5221,名詞,副詞可能,*,*,*,*,明年,ミョウネン,ミョーネン,1/4,C1
精いっぱい,1314,1314,6601,名詞,副詞可能,*,*,*,*,精いっぱい,セイイッパイ,セイイッパイ,0/6,*
ふだん,1314,1314,6108,名詞,副詞可能,*,*,*,*,ふだん,フダン,フダン,0/3,*
戦後,1314,1314,4200,名詞,副詞可能,*,*,*,*,戦後,センゴ,センゴ,0/3,*
時分,1314,1314,5409,名詞,副詞可能,*,*,*,*,時分,ジブン,ジブン,1/3,C2
一夜,1314,1314,3383,名詞,副詞可能,*,*,*,*,一夜,イチヤ,イチヤ,2/3,C1
一夜,1314,1314,5022,名詞,副詞可能,*,*,*,*,一夜,ヒトヨ,ヒトヨ,2/3,C1
夕暮れ,1314,1314,4904,名詞,副詞可能,*,*,*,*,夕暮れ,ユウグレ,ユーグレ,0/4,*
再来週,1314,1314,5092,名詞,副詞可能,*,*,*,*,再来週,サライシュウ,サライシュー,0/6,*
ひとり,1314,1314,7657,名詞,副詞可能,*,*,*,*,ひとり,ヒトリ,ヒトリ,0/3,*
何かしら,1314,1314,6501,名詞,副詞可能,*,*,*,*,何かしら,ナニカシラ,ナニカシラ,0/5,*
晩節,1314,1314,5221,名詞,副詞可能,*,*,*,*,晩節,バンセツ,バンセツ,0/4,*
隙隙,1314,1314,5221,名詞,副詞可能,*,*,*,*,隙隙,ヒマヒマ,ヒマヒマ,0/4,*
客年,1314,1314,5478,名詞,副詞可能,*,*,*,*,客年,カクネン,カクネン,0/4,*
一週,1314,1314,4022,名詞,副詞可能,*,*,*,*,一週,イッシュウ,イッシュー,0/5,*
長時間,1314,1314,5192,名詞,副詞可能,*,*,*,*,長時間,チョウジカン,チョージカン,0/6,*
此の節,1314,1314,5221,名詞,副詞可能,*,*,*,*,此の節,コノセツ,コノセツ,0/4,*
行末,1314,1314,5091,名詞,副詞可能,*,*,*,*,行末,ユクスエ,ユクスエ,0/4,C2
安息,1314,1314,5322,名詞,副詞可能,*,*,*,*,安息,アンソク,アンソク,0/4,*
大挙,1314,1314,5221,名詞,副詞可能,*,*,*,*,大挙,タイキョ,タイキョ,0/4,*
早晩,1314,1314,4267,名詞,副詞可能,*,*,*,*,早晩,ソウバン,ソーバン,0/4,*
前後,1314,1314,-990,名詞,副詞可能,*,*,*,*,前後,ゼンゴ,ゼンゴ,0/3,*
中ごろ,1314,1314,5485,名詞,副詞可能,*,*,*,*,中ごろ,ナカゴロ,ナカゴロ,0/4,*
ひところ,1314,1314,6348,名詞,副詞可能,*,*,*,*,ひところ,ヒトコロ,ヒトコロ,0/4,*
中世,1314,1314,5903,名詞,副詞可能,*,*,*,*,中世,チュウセイ,チューセイ,0/5,*
去春,1314,1314,5221,名詞,副詞可能,*,*,*,*,去春,キョシュン,キョシュン,0/5,*
この内,1314,1314,6353,名詞,副詞可能,*,*,*,*,この内,コノウチ,コノウチ,0/4,*
半季,1314,1314,5410,名詞,副詞可能,*,*,*,*,半季,ハンキ,ハンキ,0/3,*
１番,1314,1314,6294,名詞,副詞可能,*,*,*,*,１番,イチバン,イチバン,0/4,*
今後,1314,1314,166,名詞,副詞可能,*,*,*,*,今後,コンゴ,コンゴ,0/3,C2
そのうち,1314,1314,6655,名詞,副詞可能,*,*,*,*,そのうち,ソノウチ,ソノウチ,0/4,*
５月,1314,1314,2591,名詞,副詞可能,*,*,*,*,５月,ゴガツ,ゴガツ,1/3,C1
次回,1314,1314,3503,名詞,副詞可能,*,*,*,*,次回,ジカイ,ジカイ,0/3,*
尽日,1314,1314,5221,名詞,副詞可能,*,*,*,*,尽日,ジンジツ,ジンジツ,0/4,*
翌日,1314,1314,4377,名詞,副詞可能,*,*,*,*,翌日,ヨクジツ,ヨクジツ,0/4,*
門並,1314,1314,5221,名詞,副詞可能,*,*,*,*,門並,カドナミ,カドナミ,0/4,*
累次,1314,1314,5221,名詞,副詞可能,*,*,*,*,累次,ルイジ,ルイジ,0/3,*
６月,1314,1314,2658,名詞,副詞可能,*,*,*,*,６月,ロクガツ,ロクガツ,4/4,C2
近ごろ,1314,1314,5086,名詞,副詞可能,*,*,*,*,近ごろ,チカゴロ,チカゴロ,0/4,*
この程,1314,1314,6201,名詞,副詞可能,*,*,*,*,この程,コノホド,コノホド,0/4,*
前日,1314,1314,1436,名詞,副詞可能,*,*,*,*,前日,ゼンジツ,ゼンジツ,0/4,C2
晩年,1314,1314,5089,名詞,副詞可能,*,*,*,*,晩年,バンネン,バンネン,0/4,*
この間,1314,1314,5946,名詞,副詞可能,*,*,*,*,この間,コノカン,コノカン,5/5,C2
この間,1314,1314,6767,名詞,副詞可能,*,*,*,*,この間,コノアイダ,コノアイダ,5/5,C2
戦前,1314,1314,7199,名詞,副詞可能,*,*,*,*,戦前,センゼン,センゼン,0/4,*
一切合切,1314,1314,4046,名詞,副詞可能,*,*,*,*,一切合切,イッサイガッサイ,イッサイガッサイ,0/8,*
下期,1314,1314,4063,名詞,副詞可能,*,*,*,*,下期,シモキ,シモキ,2/3,C1
火曜日,1314,1314,4937,名詞,副詞可能,*,*,*,*,火曜日,カヨウビ,カヨービ,0/4,*
今,1314,1314,5232,名詞,副詞可能,*,*,*,*,今,イマ,イマ,1/2,C3
一生懸命,1314,1314,3645,名詞,副詞可能,*,*,*,*,一生懸命,イッショウケンメイ,イッショーケンメイ,0/9,*
ひと晩,1314,1314,7619,名詞,副詞可能,*,*,*,*,ひと晩,ヒトバン,ヒトバン,0/4,*
近来,1314,1314,5221,名詞,副詞可能,*,*,*,*,近来,キンライ,キンライ,0/4,*
去年,1314,1314,5220,名詞,副詞可能,*,*,*,*,去年,キョネン,キョネン,0/4,*
早春,1314,1314,5395,名詞,副詞可能,*,*,*,*,早春,ソウシュン,ソーシュン,0/5,*
晩,1314,1314,4643,名詞,副詞可能,*,*,*,*,晩,バン,バン,0/2,C3
一時期,1314,1314,2966,名詞,副詞可能,*,*,*,*,一時期,イチジキ,イチジキ,0/4,*
長年,1314,1314,4937,名詞,副詞可能,*,*,*,*,長年,ナガネン,ナガネン,0/4,C2
おり,1314,1314,8265,名詞,副詞可能,*,*,*,*,おり,オリ,オリ,2/2,C3
此の方,1314,1314,5319,名詞,副詞可能,*,*,*,*,此の方,コノカタ,コノカタ,0/4,*
後月,1314,1314,5221,名詞,副詞可能,*,*,*,*,後月,アトゲツ,アトゲツ,2/4,C1
今夏,1314,1314,5034,名詞,副詞可能,*,*,*,*,今夏,コンカ,コンカ,0/3,*
朝,1314,1314,4227,名詞,副詞可能,*,*,*,*,朝,アサ,アサ,1/2,C3
朝,1314,1314,8416,名詞,副詞可能,*,*,*,*,朝,チョウ,チョー,1/2,C3
多く,1314,1314,1069,名詞,副詞可能,*,*,*,*,多く,オオク,オーク,0/3,*
後後,1314,1314,5220,名詞,副詞可能,*,*,*,*,後後,アトアト,アトアト,0/4,C1
根こそぎ,1314,1314,4884,名詞,副詞可能,*,*,*,*,根こそぎ,ネコソギ,ネコソギ,0/4,*
年,1314,1314,10401,名詞,副詞可能,*,*,*,*,年,トシ,トシ,2/2,C4
初旬,1314,1314,4953,名詞,副詞可能,*,*,*,*,初旬,ショジュン,ショジュン,0/5,*
つかの間,1314,1314,5811,名詞,副詞可能,*,*,*,*,つかの間,ツカノマ,ツカノマ,0/4,*
他日,1314,1314,5221,名詞,副詞可能,*,*,*,*,他日,タジツ,タジツ,0/3,*
当代,1314,1314,5054,名詞,副詞可能,*,*,*,*,当代,トウダイ,トーダイ,1/4,C1
一廉,1314,1314,4237,名詞,副詞可能,*,*,*,*,一廉,ヒトカド,ヒトカド,0/4,C2
他年,1314,1314,5222,名詞,副詞可能,*,*,*,*,他年,タネン,タネン,0/3,*
他面,1314,1314,5220,名詞,副詞可能,*,*,*,*,他面,タメン,タメン,0/3,*
ひと通り,1314,1314,6375,名詞,副詞可能,*,*,*,*,ひと通り,ヒトトオリ,ヒトトーリ,0/5,*
時節柄,1314,1314,5209,名詞,副詞可能,*,*,*,*,時節柄,ジセツガラ,ジセツガラ,0/5,*
ひと目,1314,1314,6776,名詞,副詞可能,*,*,*,*,ひと目,ヒトメ,ヒトメ,2/3,C1
先夜,1314,1314,5181,名詞,副詞可能,*,*,*,*,先夜,センヤ,センヤ,0/3,*
今年,1314,1314,2848,名詞,副詞可能,*,*,*,*,今年,コトシ,コトシ,0/3,*
はじめ,1314,1314,4140,名詞,副詞可能,*,*,*,*,はじめ,ハジメ,ハジメ,0/3,C2
此の際,1314,1314,5331,名詞,副詞可能,*,*,*,*,此の際,コノサイ,コノサイ,0/4,*
当年,1314,1314,5202,名詞,副詞可能,*,*,*,*,当年,トウネン,トーネン,0/4,*
あとあと,1314,1314,6347,名詞,副詞可能,*,*,*,*,あとあと,アトアト,アトアト,0/4,*
昨今,1314,1314,5196,名詞,副詞可能,*,*,*,*,昨今,サッコン,サッコン,0/4,*
同夜,1314,1314,4467,名詞,副詞可能,*,*,*,*,同夜,ドウヤ,ドーヤ,0/3,*
数々,1314,1314,4200,名詞,副詞可能,*,*,*,*,数々,カズカズ,カズカズ,0/4,*
一昨昨日,1314,1314,4046,名詞,副詞可能,*,*,*,*,一昨昨日,サキオトトイ,サキオトトイ,0/6,*
半,1314,1314,11036,名詞,副詞可能,*,*,*,*,半,ハン,ハン,1/2,C1
此の前,1314,1314,5287,名詞,副詞可能,*,*,*,*,此の前,コノマエ,コノマエ,0/4,*
明晩,1314,1314,5221,名詞,副詞可能,*,*,*,*,明晩,ミョウバン,ミョーバン,0/5,*
春さき,1314,1314,5203,名詞,副詞可能,*,*,*,*,春さき,ハルサキ,ハルサキ,0/4,*
来年度,1314,1314,5946,名詞,副詞可能,*,*,*,*,来年度,ライネンド,ライネンド,0/5,*
金曜,1314,1314,5357,名詞,副詞可能,*,*,*,*,金曜,キンヨウ,キンヨー,0/4,*
間近,1314,1314,3815,名詞,副詞可能,*,*,*,*,間近,マヂカ,マジカ,0/3,*
世々,1314,1314,5221,名詞,副詞可能,*,*,*,*,世々,ヨヨ,ヨヨ,1/2,C3
即日,1314,1314,4841,名詞,副詞可能,*,*,*,*,即日,ソクジツ,ソクジツ,0/4,*
昨月,1314,1314,5221,名詞,副詞可能,*,*,*,*,昨月,サクゲツ,サクゲツ,0/4,*
朝方,1314,1314,5153,名詞,副詞可能,*,*,*,*,朝方,アサガタ,アサガタ,0/4,*
大概,1314,1314,5022,名詞,副詞可能,*,*,*,*,大概,タイガイ,タイガイ,0/4,*
術後,1314,1314,5221,名詞,副詞可能,*,*,*,*,術後,ジュツゴ,ジュツゴ,0/4,*
寸分,1314,1314,5221,名詞,副詞可能,*,*,*,*,寸分,スンブン,スンブン,0/4,*
一足,1314,1314,4371,名詞,副詞可能,*,*,*,*,一足,イッソク,イッソク,4/4,C2
このあいだ,1314,1314,6452,名詞,副詞可能,*,*,*,*,このあいだ,コノアイダ,コノアイダ,0/5,*
その他,1314,1314,5313,名詞,副詞可能,*,*,*,*,その他,ソノタ,ソノタ,0/3,*
一筆,1314,1314,3777,名詞,副詞可能,*,*,*,*,一筆,イッピツ,イッピツ,0/4,C2
代々,1314,1314,5180,名詞,副詞可能,*,*,*,*,代々,ダイダイ,ダイダイ,0/4,*
朝夕,1314,1314,4994,名詞,副詞可能,*,*,*,*,朝夕,アサユウ,アサユー,1/4,C1
少時,1314,1314,4726,名詞,副詞可能,*,*,*,*,少時,ショウジ,ショージ,0/4,*
百方,1314,1314,4046,名詞,副詞可能,*,*,*,*,百方,ヒャッポウ,ヒャッポー,0/5,*
午后,1314,1314,4980,名詞,副詞可能,*,*,*,*,午后,ゴゴ,ゴゴ,0/2,*
大略,1314,1314,5221,名詞,副詞可能,*,*,*,*,大略,タイリャク,タイリャク,0/5,*
途次,1314,1314,5223,名詞,副詞可能,*,*,*,*,途次,トジ,トジ,0/2,*
今期,1314,1314,5632,名詞,副詞可能,*,*,*,*,今期,コンキ,コンキ,1/3,C1
昼前,1314,1314,5563,名詞,副詞可能,*,*,*,*,昼前,ヒルマエ,ヒルマエ,0/4,*
客冬,1314,1314,4926,名詞,副詞可能,*,*,*,*,客冬,カクトウ,カクトー,0/4,*
殆ど,1314,1314,4757,名詞,副詞可能,*,*,*,*,殆ど,ホトンド,ホトンド,0/4,*
昼間,1314,1314,4958,名詞,副詞可能,*,*,*,*,昼間,ヒルマ,ヒルマ,3/3,C2
百代,1314,1314,4046,名詞,副詞可能,*,*,*,*,百代,ヒャクダイ,ヒャクダイ,2/4,C1
一回,1314,1314,6282,名詞,副詞可能,*,*,*,*,一回,イッカイ,イッカイ,0/4,*
火曜,1314,1314,5002,名詞,副詞可能,*,*,*,*,火曜,カヨウ,カヨー,0/3,*
最期,1314,1314,5275,名詞,副詞可能,*,*,*,*,最期,サイゴ,サイゴ,0/3,*
一国,1314,1314,10462,名詞,副詞可能,*,*,*,*,一国,イッコク,イッコク,0/4,*
さなか,1314,1314,6270,名詞,副詞可能,*,*,*,*,さなか,サナカ,サナカ,1/3,C1
今朝,1314,1314,4794,名詞,副詞可能,*,*,*,*,今朝,ケサ,ケサ,1/4,C3
今朝,1314,1314,5596,名詞,副詞可能,*,*,*,*,今朝,コンチョウ,コンチョー,1/4,C3
春夏秋冬,1314,1314,5279,名詞,副詞可能,*,*,*,*,春夏秋冬,シュンカシュウトウ,シュンカシュートー,0/9,*
朝晩,1314,1314,5221,名詞,副詞可能,*,*,*,*,朝晩,アサバン,アサバン,0/4,*
戦時,1314,1314,6740,名詞,副詞可能,*,*,*,*,戦時,センジ,センジ,0/3,*
数等,1314,1314,5852,名詞,副詞可能,*,*,*,*,数等,スウトウ,スートー,0/4,*
昼中,1314,1314,5221,名詞,副詞可能,*,*,*,*,昼中,ヒルナカ,ヒルナカ,0/4,*
年々,1314,1314,3504,名詞,副詞可能,*,*,*,*,年々,ネンネン,ネンネン,0/4,*
当時,1314,1314,2298,名詞,副詞可能,*,*,*,*,当時,トウジ,トージ,0/3,*
時季,1314,1314,4566,名詞,副詞可能,*,*,*,*,時季,ジキ,ジキ,0/2,*
十中八九,1314,1314,4046,名詞,副詞可能,*,*,*,*,十中八九,ジュッチュウハック,ジュッチューハック,5/7,C1
十中八九,1314,1314,4046,名詞,副詞可能,*,*,*,*,十中八九,ジッチュウハック,ジッチューハック,5/7,C1
今晩,1314,1314,5175,名詞,副詞可能,*,*,*,*,今晩,コンバン,コンバン,0/4,*
永年,1314,1314,4522,名詞,副詞可能,*,*,*,*,永年,エイネン,エイネン,0/4,C2
永年,1314,1314,5828,名詞,副詞可能,*,*,*,*,永年,ナガネン,ナガネン,0/4,C2
一層,1314,1314,5420,名詞,副詞可能,*,*,*,*,一層,イッソウ,イッソー,0/4,*
直接,1314,1314,3792,名詞,副詞可能,*,*,*,*,直接,チョクセツ,チョクセツ,0/5,*
各人,1314,1314,5566,名詞,副詞可能,*,*,*,*,各人,カクジン,カクジン,1/4,C1
その頃,1314,1314,6348,名詞,副詞可能,*,*,*,*,その頃,ソノコロ,ソノコロ,0/4,*
日毎,1314,1314,5221,名詞,副詞可能,*,*,*,*,日毎,ヒゴト,ヒゴト,0/3,*
ねこそぎ,1314,1314,6348,名詞,副詞可能,*,*,*,*,ねこそぎ,ネコソギ,ネコソギ,0/4,*
処々,1314,1314,5152,名詞,副詞可能,*,*,*,*,処々,トコロドコロ,トコロドコロ,4/6,C1
此の先,1314,1314,5422,名詞,副詞可能,*,*,*,*,此の先,コノサキ,コノサキ,0/4,*
昨日今日,1314,1314,5221,名詞,副詞可能,*,*,*,*,昨日今日,キノウキョウ,キノーキョー,0/6,*
方々,1314,1314,6816,名詞,副詞可能,*,*,*,*,方々,ホウボウ,ホーボー,1/4,C1
夜来,1314,1314,5223,名詞,副詞可能,*,*,*,*,夜来,ヤライ,ヤライ,0/3,*
きのう,1314,1314,5621,名詞,副詞可能,*,*,*,*,きのう,キノウ,キノー,0/3,*
夜々,1314,1314,5221,名詞,副詞可能,*,*,*,*,夜々,ヨヨ,ヨヨ,0/2,*
毎時,1314,1314,5654,名詞,副詞可能,*,*,*,*,毎時,マイジ,マイジ,0/3,*
今時,1314,1314,5172,名詞,副詞可能,*,*,*,*,今時,イマドキ,イマドキ,0/4,*
この方,1314,1314,7034,名詞,副詞可能,*,*,*,*,この方,コノカタ,コノカタ,0/4,*
一瞬,1314,1314,4044,名詞,副詞可能,*,*,*,*,一瞬,イッシュン,イッシュン,0/5,*
頃日,1314,1314,5221,名詞,副詞可能,*,*,*,*,頃日,ケイジツ,ケイジツ,0/4,*
一昨日,1314,1314,4046,名詞,副詞可能,*,*,*,*,一昨日,オトトイ,オトトイ,0/4,*
八月,1314,1314,2787,名詞,副詞可能,*,*,*,*,八月,ハチガツ,ハチガツ,0/4,*
当夜,1314,1314,5393,名詞,副詞可能,*,*,*,*,当夜,トウヤ,トーヤ,0/3,*
折,1314,1314,6454,名詞,副詞可能,*,*,*,*,折,オリ,オリ,2/2,C3
帰りがけ,1314,1314,5221,名詞,副詞可能,*,*,*,*,帰りがけ,カエリガケ,カエリガケ,0/5,*
ついたち,1314,1314,6348,名詞,副詞可能,*,*,*,*,ついたち,ツイタチ,ツイタチ,0/4,*
少量,1314,1314,4393,名詞,副詞可能,*,*,*,*,少量,ショウリョウ,ショーリョー,0/4,C2
初頭,1314,1314,3323,名詞,副詞可能,*,*,*,*,初頭,ショトウ,ショトー,0/4,*
先晩,1314,1314,5279,名詞,副詞可能,*,*,*,*,先晩,センバン,センバン,0/4,*
初日,1314,1314,5002,名詞,副詞可能,*,*,*,*,初日,ショニチ,ショニチ,0/3,C2
明後日,1314,1314,4802,名詞,副詞可能,*,*,*,*,明後日,ミョウゴニチ,ミョーゴニチ,2/4,C1
明後日,1314,1314,5606,名詞,副詞可能,*,*,*,*,明後日,アサッテ,アサッテ,2/4,C1
毎食,1314,1314,5221,名詞,副詞可能,*,*,*,*,毎食,マイショク,マイショク,0/5,*
昨年,1314,1314,4275,名詞,副詞可能,*,*,*,*,昨年,サクネン,サクネン,0/4,*
年初来,1314,1314,5221,名詞,副詞可能,*,*,*,*,年初来,ネンショライ,ネンショライ,0/6,*
瞬時,1314,1314,4750,名詞,副詞可能,*,*,*,*,瞬時,シュンジ,シュンジ,0/4,*
誠意,1314,1314,3113,名詞,副詞可能,*,*,*,*,誠意,セイイ,セイイ,0/3,*
千古,1314,1314,4046,名詞,副詞可能,*,*,*,*,千古,センコ,センコ,0/3,*
自ら,1314,1314,5213,名詞,副詞可能,*,*,*,*,自ら,ミズカラ,ミズカラ,0/4,*
翌朝,1314,1314,4702,名詞,副詞可能,*,*,*,*,翌朝,ヨクアサ,ヨクアサ,0/4,C2
翌朝,1314,1314,4969,名詞,副詞可能,*,*,*,*,翌朝,ヨクチョウ,ヨクチョー,0/4,C2
時余,1314,1314,5221,名詞,副詞可能,*,*,*,*,時余,ジヨ,ジヨ,0/2,*
年来,1314,1314,5155,名詞,副詞可能,*,*,*,*,年来,ネンライ,ネンライ,1/4,C1
毎年,1314,1314,2340,名詞,副詞可能,*,*,*,*,毎年,マイトシ,マイトシ,0/4,C2
毎年,1314,1314,8047,名詞,副詞可能,*,*,*,*,毎年,マイネン,マイネン,0/4,C2
途中,1314,1314,3847,名詞,副詞可能,*,*,*,*,途中,トチュウ,トチュー,0/4,*
代代,1314,1314,5221,名詞,副詞可能,*,*,*,*,代代,ダイダイ,ダイダイ,0/4,*
いったん,1314,1314,7694,名詞,副詞可能,*,*,*,*,いったん,イッタン,イッタン,0/4,*
以前,1314,1314,5278,名詞,副詞可能,*,*,*,*,以前,イゼン,イゼン,0/3,*
昨日,1314,1314,4942,名詞,副詞可能,*,*,*,*,昨日,キノウ,キノー,0/3,*
毎秒,1314,1314,5678,名詞,副詞可能,*,*,*,*,毎秒,マイビョウ,マイビョー,0/5,*
毎月,1314,1314,5195,名詞,副詞可能,*,*,*,*,毎月,マイツキ,マイツキ,0/4,*
食前,1314,1314,4945,名詞,副詞可能,*,*,*,*,食前,ショクゼン,ショクゼン,0/4,C2
当今,1314,1314,5175,名詞,副詞可能,*,*,*,*,当今,トウコン,トーコン,1/4,C1
毎期,1314,1314,5221,名詞,副詞可能,*,*,*,*,毎期,マイキ,マイキ,0/3,*
紀元前,1314,1314,4857,名詞,副詞可能,*,*,*,*,紀元前,キゲンゼン,キゲンゼン,0/5,*
こん度,1314,1314,6300,名詞,副詞可能,*,*,*,*,こん度,コンド,コンド,0/3,*
以上,1314,1314,7350,名詞,副詞可能,*,*,*,*,以上,イジョウ,イジョー,0/4,*
あと,1314,1314,6788,名詞,副詞可能,*,*,*,*,あと,アト,アト,1/2,C3
夕方,1314,1314,4414,名詞,副詞可能,*,*,*,*,夕方,ユウガタ,ユーガタ,0/4,*
一転,1314,1314,3868,名詞,副詞可能,*,*,*,*,一転,イッテン,イッテン,0/4,*
ひと頃,1314,1314,6348,名詞,副詞可能,*,*,*,*,ひと頃,ヒトコロ,ヒトコロ,0/4,*
一斉,1314,1314,1783,名詞,副詞可能,*,*,*,*,一斉,イッセイ,イッセイ,0/4,*
当歳,1314,1314,5221,名詞,副詞可能,*,*,*,*,当歳,トウサイ,トーサイ,0/4,*
前夜,1314,1314,3999,名詞,副詞可能,*,*,*,*,前夜,ゼンヤ,ゼンヤ,0/3,*
年年,1314,1314,4976,名詞,副詞可能,*,*,*,*,年年,ネンネン,ネンネン,0/4,*
一時,1314,1314,1227,名詞,副詞可能,*,*,*,*,一時,イチジ,イチジ,2/4,C1
一時,1314,1314,4515,名詞,副詞可能,*,*,*,*,一時,ヒトトキ,ヒトトキ,2/4,C1
おととい,1314,1314,6348,名詞,副詞可能,*,*,*,*,おととい,オトトイ,オトトイ,0/4,*
平年,1314,1314,4968,名詞,副詞可能,*,*,*,*,平年,ヘイネン,ヘイネン,0/4,*
方今,1314,1314,5221,名詞,副詞可能,*,*,*,*,方今,ホウコン,ホーコン,0/4,*
天性,1314,1314,5546,名詞,副詞可能,*,*,*,*,天性,テンセイ,テンセイ,1/4,C1
五分,1314,1314,5485,名詞,副詞可能,*,*,*,*,五分,ゴブ,ゴブ,1/2,C1
一度,1314,1314,7307,名詞,副詞可能,*,*,*,*,一度,イチド,イチド,3/3,C2
復路,1314,1314,5422,名詞,副詞可能,*,*,*,*,復路,フクロ,フクロ,0/3,*
曰く,1314,1314,5218,名詞,副詞可能,*,*,*,*,曰く,イワク,イワク,0/3,*
途上,1314,1314,4087,名詞,副詞可能,*,*,*,*,途上,トジョウ,トジョー,0/3,C2
当節,1314,1314,5221,名詞,副詞可能,*,*,*,*,当節,トウセツ,トーセツ,0/4,*
早秋,1314,1314,5221,名詞,副詞可能,*,*,*,*,早秋,ソウシュウ,ソーシュー,0/5,*
かたわら,1314,1314,6336,名詞,副詞可能,*,*,*,*,かたわら,カタワラ,カタワラ,0/4,*
今月,1314,1314,4789,名詞,副詞可能,*,*,*,*,今月,コンゲツ,コンゲツ,0/4,*
今夕,1314,1314,5060,名詞,副詞可能,*,*,*,*,今夕,コンユウ,コンユー,0/4,*
月頃,1314,1314,5221,名詞,副詞可能,*,*,*,*,月頃,ツキゴロ,ツキゴロ,0/4,*
出会い頭,1314,1314,5221,名詞,副詞可能,*,*,*,*,出会い頭,デアイガシラ,デアイガシラ,0/6,*
水無月,1314,1314,5221,名詞,副詞可能,*,*,*,*,水無月,ミナヅキ,ミナズキ,2/4,C1
旧来,1314,1314,5583,名詞,副詞可能,*,*,*,*,旧来,キュウライ,キューライ,1/4,C1
夜分,1314,1314,5221,名詞,副詞可能,*,*,*,*,夜分,ヤブン,ヤブン,0/3,*
下旬,1314,1314,4245,名詞,副詞可能,*,*,*,*,下旬,ゲジュン,ゲジュン,0/4,*
刻下,1314,1314,4491,名詞,副詞可能,*,*,*,*,刻下,コッカ,コッカ,0/3,*
翌月,1314,1314,5206,名詞,副詞可能,*,*,*,*,翌月,ヨクゲツ,ヨクゲツ,0/4,*
夜毎,1314,1314,5221,名詞,副詞可能,*,*,*,*,夜毎,ヨゴト,ヨゴト,0/3,*
ほうぼう,1314,1314,6672,名詞,副詞可能,*,*,*,*,ほうぼう,ホウボウ,ホーボー,0/4,*
金曜日,1314,1314,5023,名詞,副詞可能,*,*,*,*,金曜日,キンヨウビ,キンヨービ,0/5,*
文字通り,1314,1314,3332,名詞,副詞可能,*,*,*,*,文字通り,モジドオリ,モジドーリ,3/5,C1
寒中,1314,1314,5221,名詞,副詞可能,*,*,*,*,寒中,カンチュウ,カンチュー,0/5,*
同期,1314,1314,1880,名詞,副詞可能,*,*,*,*,同期,ドウキ,ドーキ,1/3,C2
本初,1314,1314,5319,名詞,副詞可能,*,*,*,*,本初,ホンショ,ホンショ,0/4,*
昨夕,1314,1314,5221,名詞,副詞可能,*,*,*,*,昨夕,サクユウ,サクユー,0/4,*
初め,1314,1314,3029,名詞,副詞可能,*,*,*,*,初め,ハジメ,ハジメ,0/3,C2
客臘,1314,1314,5221,名詞,副詞可能,*,*,*,*,客臘,カクロウ,カクロー,0/4,*
満都,1314,1314,5221,名詞,副詞可能,*,*,*,*,満都,マント,マント,0/3,*
居常,1314,1314,5221,名詞,副詞可能,*,*,*,*,居常,キョジョウ,キョジョー,0/5,*
今冬,1314,1314,5184,名詞,副詞可能,*,*,*,*,今冬,コントウ,コントー,0/4,*
上旬,1314,1314,4866,名詞,副詞可能,*,*,*,*,上旬,ジョウジュン,ジョージュン,0/6,*
遠く,1314,1314,5489,名詞,副詞可能,*,*,*,*,遠く,トオク,トーク,0/3,*
一晩,1314,1314,5110,名詞,副詞可能,*,*,*,*,一晩,ヒトバン,ヒトバン,0/4,*
あした,1314,1314,5784,名詞,副詞可能,*,*,*,*,あした,アシタ,アシタ,0/3,*
秋涼,1314,1314,5212,名詞,副詞可能,*,*,*,*,秋涼,シュウリョウ,シューリョー,0/6,*
あす,1314,1314,6832,名詞,副詞可能,*,*,*,*,あす,アス,アス,0/2,*
帰路,1314,1314,5394,名詞,副詞可能,*,*,*,*,帰路,キロ,キロ,0/2,*
白昼,1314,1314,5221,名詞,副詞可能,*,*,*,*,白昼,ハクチュウ,ハクチュー,0/5,*
常時,1314,1314,5215,名詞,副詞可能,*,*,*,*,常時,ジョウジ,ジョージ,0/4,*
９月,1314,1314,2467,名詞,副詞可能,*,*,*,*,９月,クガツ,クガツ,1/3,C1
この先,1314,1314,7755,名詞,副詞可能,*,*,*,*,この先,コノサキ,コノサキ,0/4,*
その後,1314,1314,1747,名詞,副詞可能,*,*,*,*,その後,ソノゴ,ソノゴ,0/3,*
半年,1314,1314,1872,名詞,副詞可能,*,*,*,*,半年,ハントシ,ハントシ,0/4,*
夜中,1314,1314,5479,名詞,副詞可能,*,*,*,*,夜中,ヨナカ,ヨナカ,3/3,C2
倍量,1314,1314,5207,名詞,副詞可能,*,*,*,*,倍量,バイリョウ,バイリョー,0/5,*
一再,1314,1314,3949,名詞,副詞可能,*,*,*,*,一再,イッサイ,イッサイ,0/4,*
月末,1314,1314,8865,名詞,副詞可能,*,*,*,*,月末,ゲツマツ,ゲツマツ,0/4,*
こないだ,1314,1314,6348,名詞,副詞可能,*,*,*,*,こないだ,コナイダ,コナイダ,0/4,*
平素,1314,1314,5425,名詞,副詞可能,*,*,*,*,平素,ヘイソ,ヘイソ,1/3,C1
一首,1314,1314,5369,名詞,副詞可能,*,*,*,*,一首,イッシュ,イッシュ,0/4,*
方方,1314,1314,5545,名詞,副詞可能,*,*,*,*,方方,ホウボウ,ホーボー,1/4,C1
一銭,1314,1314,4742,名詞,副詞可能,*,*,*,*,一銭,イッセン,イッセン,0/4,*
全て,1314,1314,5007,名詞,副詞可能,*,*,*,*,全て,スベテ,スベテ,0/3,*
即刻,1314,1314,5201,名詞,副詞可能,*,*,*,*,即刻,ソッコク,ソッコク,0/4,*
ひととき,1314,1314,7052,名詞,副詞可能,*,*,*,*,ひととき,ヒトトキ,ヒトトキ,0/4,*
先年,1314,1314,5217,名詞,副詞可能,*,*,*,*,先年,センネン,センネン,0/4,*
先月,1314,1314,4929,名詞,副詞可能,*,*,*,*,先月,センゲツ,センゲツ,0/4,*
際,1314,1314,7036,名詞,副詞可能,*,*,*,*,際,サイ,サイ,1/2,C3
後来,1314,1314,5196,名詞,副詞可能,*,*,*,*,後来,コウライ,コーライ,0/4,*
一朝,1314,1314,4228,名詞,副詞可能,*,*,*,*,一朝,イッチョウ,イッチョー,0/5,*
万古,1314,1314,4046,名詞,副詞可能,*,*,*,*,万古,バンコ,バンコ,1/3,C1
さきおととい,1314,1314,6348,名詞,副詞可能,*,*,*,*,さきおととい,サキオトトイ,サキオトトイ,0/6,*
幼時,1314,1314,5344,名詞,副詞可能,*,*,*,*,幼時,ヨウジ,ヨージ,0/3,*
別れ際,1314,1314,5158,名詞,副詞可能,*,*,*,*,別れ際,ワカレギワ,ワカレギワ,0/5,*
さきおととし,1314,1314,6348,名詞,副詞可能,*,*,*,*,さきおととし,サキオトトシ,サキオトトシ,0/6,*
相当,1314,1314,6357,名詞,副詞可能,*,*,*,*,相当,ソウトウ,ソートー,0/4,*
毎回,1314,1314,5188,名詞,副詞可能,*,*,*,*,毎回,マイカイ,マイカイ,0/4,*
真最中,1314,1314,5149,名詞,副詞可能,*,*,*,*,真最中,マッサイチュウ,マッサイチュー,0/7,*
午前,1314,1314,4802,名詞,副詞可能,*,*,*,*,午前,ゴゼン,ゴゼン,0/3,*
日,1314,1314,7973,名詞,副詞可能,*,*,*,*,日,ヒ,ヒ,0/1,C3
万代,1314,1314,4041,名詞,副詞可能,*,*,*,*,万代,バンダイ,バンダイ,1/4,C1
毎日,1314,1314,4483,名詞,副詞可能,*,*,*,*,毎日,マイニチ,マイニチ,1/4,C2
同年,1314,1314,2647,名詞,副詞可能,*,*,*,*,同年,ドウネン,ドーネン,0/4,*
終年,1314,1314,5138,名詞,副詞可能,*,*,*,*,終年,シュウネン,シューネン,0/5,*
先日,1314,1314,3470,名詞,副詞可能,*,*,*,*,先日,センジツ,センジツ,0/4,*
此の間,1314,1314,5325,名詞,副詞可能,*,*,*,*,此の間,コノアイダ,コノアイダ,5/5,C2
此の間,1314,1314,5120,名詞,副詞可能,*,*,*,*,此の間,コノカン,コノカン,5/5,C2
一糸,1314,1314,3908,名詞,副詞可能,*,*,*,*,一糸,イッシ,イッシ,0/3,*
一番,1314,1314,1943,名詞,副詞可能,*,*,*,*,一番,イチバン,イチバン,0/4,*
今時分,1314,1314,5221,名詞,副詞可能,*,*,*,*,今時分,イマジブン,イマジブン,0/5,*
この度,1314,1314,6596,名詞,副詞可能,*,*,*,*,この度,コノタビ,コノタビ,0/4,*
当初,1314,1314,3358,名詞,副詞可能,*,*,*,*,当初,トウショ,トーショ,0/4,*
１１月,1314,1314,1071,名詞,副詞可能,*,*,*,*,１１月,ジュウイチガツ,ジューイチガツ,6/6,C2
此の程,1314,1314,5051,名詞,副詞可能,*,*,*,*,此の程,コノホド,コノホド,0/4,*
上期,1314,1314,4208,名詞,副詞可能,*,*,*,*,上期,カミキ,カミキ,2/3,C1
一頃,1314,1314,4046,名詞,副詞可能,*,*,*,*,一頃,ヒトコロ,ヒトコロ,0/4,*
今暁,1314,1314,5221,名詞,副詞可能,*,*,*,*,今暁,コンギョウ,コンギョー,0/5,*
それぞれ,1314,1314,3964,名詞,副詞可能,*,*,*,*,それぞれ,ソレゾレ,ソレゾレ,0/4,*
毎夕,1314,1314,5221,名詞,副詞可能,*,*,*,*,毎夕,マイユウ,マイユー,0/4,*
しあさって,1314,1314,6348,名詞,副詞可能,*,*,*,*,しあさって,シアサッテ,シアサッテ,0/5,*
日頃,1314,1314,4954,名詞,副詞可能,*,*,*,*,日頃,ヒゴロ,ヒゴロ,0/3,C2
一発,1314,1314,6062,名詞,副詞可能,*,*,*,*,一発,イッパツ,イッパツ,0/4,*
夜長,1314,1314,5175,名詞,副詞可能,*,*,*,*,夜長,ヨナガ,ヨナガ,0/3,*
明け暮れ,1314,1314,5221,名詞,副詞可能,*,*,*,*,明け暮れ,アケクレ,アケクレ,0/4,*
中旬,1314,1314,4821,名詞,副詞可能,*,*,*,*,中旬,チュウジュン,チュージュン,0/6,*
ぜんたい,1314,1314,6183,名詞,副詞可能,*,*,*,*,ぜんたい,ゼンタイ,ゼンタイ,0/4,*
五月,1314,1314,2027,名詞,副詞可能,*,*,*,*,五月,ゴガツ,ゴガツ,1/3,C1
夕,1314,1314,3378,名詞,副詞可能,*,*,*,*,夕,ユウ,ユー,0/2,C3
夕,1314,1314,6211,名詞,副詞可能,*,*,*,*,夕,ユウベ,ユーベ,0/2,C3
一挙,1314,1314,3292,名詞,副詞可能,*,*,*,*,一挙,イッキョ,イッキョ,0/4,*
独力,1314,1314,5221,名詞,副詞可能,*,*,*,*,独力,ドクリョク,ドクリョク,0/5,*
先先,1314,1314,5151,名詞,副詞可能,*,*,*,*,先先,サキザキ,サキザキ,0/4,*
頃おい,1314,1314,5221,名詞,副詞可能,*,*,*,*,頃おい,コロオイ,コロオイ,0/4,*
ともども,1314,1314,6081,名詞,副詞可能,*,*,*,*,ともども,トモドモ,トモドモ,0/4,*
末々,1314,1314,5221,名詞,副詞可能,*,*,*,*,末々,スエズエ,スエズエ,0/4,*
半時,1314,1314,5221,名詞,副詞可能,*,*,*,*,半時,ハントキ,ハントキ,0/4,*
史上,1314,1314,7445,名詞,副詞可能,*,*,*,*,史上,シジョウ,シジョー,0/3,C2
時刻,1314,1314,5768,名詞,副詞可能,*,*,*,*,時刻,ジコク,ジコク,0/3,*
半夜,1314,1314,5221,名詞,副詞可能,*,*,*,*,半夜,ハンヤ,ハンヤ,0/3,*
不断,1314,1314,5072,名詞,副詞可能,*,*,*,*,不断,フダン,フダン,0/3,*
ひと回り,1314,1314,6096,名詞,副詞可能,*,*,*,*,ひと回り,ヒトマワリ,ヒトマワリ,0/5,*
目下,1314,1314,4455,名詞,副詞可能,*,*,*,*,目下,モッカ,モッカ,1/3,C1
宵の口,1314,1314,5221,名詞,副詞可能,*,*,*,*,宵の口,ヨイノクチ,ヨイノクチ,0/5,*
当期,1314,1314,5323,名詞,副詞可能,*,*,*,*,当期,トウキ,トーキ,1/3,C1
直前,1314,1314,7230,名詞,副詞可能,*,*,*,*,直前,チョクゼン,チョクゼン,0/4,C2
昨週,1314,1314,5355,名詞,副詞可能,*,*,*,*,昨週,サクシュウ,サクシュー,0/5,*
鎧袖一触,1314,1314,5221,名詞,副詞可能,*,*,*,*,鎧袖一触,ガイシュウイッショク,ガイシューイッショク,0/10,*
旦夕,1314,1314,5221,名詞,副詞可能,*,*,*,*,旦夕,タンセキ,タンセキ,0/4,*
先程,1314,1314,5292,名詞,副詞可能,*,*,*,*,先程,サキホド,サキホド,0/4,*
十二月,1314,1314,-1153,名詞,副詞可能,*,*,*,*,十二月,ジュウニガツ,ジューニガツ,0/6,*
生生世世,1314,1314,5221,名詞,副詞可能,*,*,*,*,生生世世,ショウジョウセゼ,ショージョーセゼ,0/8,*
刹那,1314,1314,5223,名詞,副詞可能,*,*,*,*,刹那,セツナ,セツナ,0/3,*
夜夜,1314,1314,5221,名詞,副詞可能,*,*,*,*,夜夜,ヨヨ,ヨヨ,0/2,*
のち,1314,1314,6244,名詞,副詞可能,*,*,*,*,のち,ノチ,ノチ,2/2,C4
千里,1314,1314,4177,名詞,副詞可能,*,*,*,*,千里,センリ,センリ,1/3,C1
たかだか,1314,1314,5768,名詞,副詞可能,*,*,*,*,たかだか,タカダカ,タカダカ,0/4,*
一夕,1314,1314,4169,名詞,副詞可能,*,*,*,*,一夕,イッセキ,イッセキ,0/4,*
今頃,1314,1314,5920,名詞,副詞可能,*,*,*,*,今頃,イマゴロ,イマゴロ,0/4,*
七生,1314,1314,4046,名詞,副詞可能,*,*,*,*,七生,シチショウ,シチショー,0/5,*
後日,1314,1314,5000,名詞,副詞可能,*,*,*,*,後日,ゴジツ,ゴジツ,0/3,*
どさくさ,1314,1314,6348,名詞,副詞可能,*,*,*,*,どさくさ,ドサクサ,ドサクサ,0/4,*
一遍,1314,1314,3946,名詞,副詞可能,*,*,*,*,一遍,イッペン,イッペン,3/4,C2
２月,1314,1314,4277,名詞,副詞可能,*,*,*,*,２月,ニガツ,ニガツ,3/3,C2
全日,1314,1314,5692,名詞,副詞可能,*,*,*,*,全日,ゼンジツ,ゼンジツ,0/4,*
当月,1314,1314,5221,名詞,副詞可能,*,*,*,*,当月,トウゲツ,トーゲツ,0/4,*
日曜,1314,1314,3954,名詞,副詞可能,*,*,*,*,日曜,ニチヨウ,ニチヨー,0/4,*
前年,1314,1314,2456,名詞,副詞可能,*,*,*,*,前年,ゼンネン,ゼンネン,0/4,*
多年,1314,1314,5223,名詞,副詞可能,*,*,*,*,多年,タネン,タネン,0/3,*
例日,1314,1314,5221,名詞,副詞可能,*,*,*,*,例日,レイジツ,レイジツ,0/4,*
爾後,1314,1314,5218,名詞,副詞可能,*,*,*,*,爾後,ジゴ,ジゴ,0/2,*
日曜日,1314,1314,5211,名詞,副詞可能,*,*,*,*,日曜日,ニチヨウビ,ニチヨービ,0/5,*
後年,1314,1314,5788,名詞,副詞可能,*,*,*,*,後年,コウネン,コーネン,0/4,*
まま,1314,1314,9053,名詞,副詞可能,*,*,*,*,まま,ママ,ママ,0/2,*
今ごろ,1314,1314,8932,名詞,副詞可能,*,*,*,*,今ごろ,イマゴロ,イマゴロ,0/4,*
一月,1314,1314,4955,名詞,副詞可能,*,*,*,*,一月,イチガツ,イチガツ,0/4,*
真っ昼間,1314,1314,5221,名詞,副詞可能,*,*,*,*,真っ昼間,マッピルマ,マッピルマ,0/5,*
十一月,1314,1314,-26,名詞,副詞可能,*,*,*,*,十一月,ジュウイチガツ,ジューイチガツ,0/7,*
後世,1314,1314,5895,名詞,副詞可能,*,*,*,*,後世,コウセイ,コーセイ,0/4,*
せんだって,1314,1314,6194,名詞,副詞可能,*,*,*,*,せんだって,センダッテ,センダッテ,0/5,*
夜間,1314,1314,6568,名詞,副詞可能,*,*,*,*,夜間,ヤカン,ヤカン,0/3,*
二三,1314,1314,4243,名詞,副詞可能,*,*,*,*,二三,ニサン,ニサン,1/3,C1
休日,1314,1314,4532,名詞,副詞可能,*,*,*,*,休日,キュウジツ,キュージツ,0/5,*
一両,1314,1314,4367,名詞,副詞可能,*,*,*,*,一両,イチリョウ,イチリョー,0/5,*
中間,1314,1314,6496,名詞,副詞可能,*,*,*,*,中間,チュウカン,チューカン,0/4,C2
内心,1314,1314,5316,名詞,副詞可能,*,*,*,*,内心,ナイシン,ナイシン,0/4,C2
日々,1314,1314,3104,名詞,副詞可能,*,*,*,*,日々,ヒビ,ヒビ,0/2,*
後刻,1314,1314,5224,名詞,副詞可能,*,*,*,*,後刻,ゴコク,ゴコク,0/3,*
通り,1314,1314,6125,名詞,副詞可能,*,*,*,*,通り,トオリ,トーリ,0/3,*
多数,1314,1314,1774,名詞,副詞可能,*,*,*,*,多数,タスウ,タスー,0/3,*
日夜,1314,1314,7789,名詞,副詞可能,*,*,*,*,日夜,ニチヤ,ニチヤ,0/3,*
輓近,1314,1314,4997,名詞,副詞可能,*,*,*,*,輓近,バンキン,バンキン,0/4,*
昨年来,1314,1314,5197,名詞,副詞可能,*,*,*,*,昨年来,サクネンライ,サクネンライ,0/6,*
未明,1314,1314,4752,名詞,副詞可能,*,*,*,*,未明,ミメイ,ミメイ,0/3,C2
年中,1314,1314,4970,名詞,副詞可能,*,*,*,*,年中,ネンジュウ,ネンジュー,1/4,C1
このほど,1314,1314,3025,名詞,副詞可能,*,*,*,*,このほど,コノホド,コノホド,0/4,*
畢生,1314,1314,5221,名詞,副詞可能,*,*,*,*,畢生,ヒッセイ,ヒッセイ,0/4,*
例年,1314,1314,6762,名詞,副詞可能,*,*,*,*,例年,レイネン,レイネン,0/4,C2
最初,1314,1314,7415,名詞,副詞可能,*,*,*,*,最初,サイショ,サイショ,0/3,C2
通常,1314,1314,7262,名詞,副詞可能,*,*,*,*,通常,ツウジョウ,ツージョー,0/4,C2
月曜,1314,1314,5366,名詞,副詞可能,*,*,*,*,月曜,ゲツヨウ,ゲツヨー,0/4,*
１月,1314,1314,4338,名詞,副詞可能,*,*,*,*,１月,イチガツ,イチガツ,4/4,C2
ほか,1314,1314,2277,名詞,副詞可能,*,*,*,*,ほか,ホカ,ホカ,0/2,*
二月,1314,1314,3467,名詞,副詞可能,*,*,*,*,二月,ニガツ,ニガツ,0/3,*
毎週,1314,1314,5119,名詞,副詞可能,*,*,*,*,毎週,マイシュウ,マイシュー,0/5,*
朔,1314,1314,5221,名詞,副詞可能,*,*,*,*,朔,ツイタチ,ツイタチ,4/4,C2
客歳,1314,1314,5221,名詞,副詞可能,*,*,*,*,客歳,カクサイ,カクサイ,0/4,*
長期間,1314,1314,4809,名詞,副詞可能,*,*,*,*,長期間,チョウキカン,チョーキカン,0/6,*
同月,1314,1314,4731,名詞,副詞可能,*,*,*,*,同月,ドウゲツ,ドーゲツ,0/4,*
前月,1314,1314,6203,名詞,副詞可能,*,*,*,*,前月,ゼンゲツ,ゼンゲツ,0/4,*
末末,1314,1314,5221,名詞,副詞可能,*,*,*,*,末末,スエズエ,スエズエ,0/4,*
週末,1314,1314,3497,名詞,副詞可能,*,*,*,*,週末,シュウマツ,シューマツ,0/5,*
七月,1314,1314,2118,名詞,副詞可能,*,*,*,*,七月,シチガツ,シチガツ,0/4,*
きのふ,1314,1314,6348,名詞,副詞可能,*,*,*,*,きのふ,キノフ,キノー,0/3,*
晩夏,1314,1314,5484,名詞,副詞可能,*,*,*,*,晩夏,バンカ,バンカ,0/3,*
終日,1314,1314,3410,名詞,副詞可能,*,*,*,*,終日,シュウジツ,シュージツ,0/4,C2
終日,1314,1314,5987,名詞,副詞可能,*,*,*,*,終日,ヒネモス,ヒネモス,0/4,C2
精一杯,1314,1314,5220,名詞,副詞可能,*,*,*,*,精一杯,セイイッパイ,セイイッパイ,0/6,*
満場,1314,1314,5232,名詞,副詞可能,*,*,*,*,満場,マンジョウ,マンジョー,0/5,*
余日,1314,1314,5221,名詞,副詞可能,*,*,*,*,余日,ヨジツ,ヨジツ,0/3,*
今年度,1314,1314,3568,名詞,副詞可能,*,*,*,*,今年度,コンネンド,コンネンド,0/5,*
水曜日,1314,1314,5119,名詞,副詞可能,*,*,*,*,水曜日,スイヨウビ,スイヨービ,0/5,*
揚句,1314,1314,5221,名詞,副詞可能,*,*,*,*,揚句,アゲク,アゲク,0/3,*
先度,1314,1314,5292,名詞,副詞可能,*,*,*,*,先度,センド,センド,0/3,*
三月,1314,1314,2223,名詞,副詞可能,*,*,*,*,三月,サンガツ,サンガツ,0/4,*
結構,1314,1314,6923,名詞,副詞可能,*,*,*,*,結構,ケッコウ,ケッコー,0/4,*
挙げ句,1314,1314,5221,名詞,副詞可能,*,*,*,*,挙げ句,アゲク,アゲク,0/3,*
車中,1314,1314,5352,名詞,副詞可能,*,*,*,*,車中,シャチュウ,シャチュー,0/5,*
一夜さ,1314,1314,4046,名詞,副詞可能,*,*,*,*,一夜さ,ヒトヨサ,ヒトヨサ,0/4,*
現在,1314,1314,4303,名詞,副詞可能,*,*,*,*,現在,ゲンザイ,ゲンザイ,0/4,*
一拍,1314,1314,4034,名詞,副詞可能,*,*,*,*,一拍,イッパク,イッパク,0/4,*
昼,1314,1314,3708,名詞,副詞可能,*,*,*,*,昼,ヒル,ヒル,0/2,*
各員,1314,1314,5483,名詞,副詞可能,*,*,*,*,各員,カクイン,カクイン,0/4,*
先の日,1314,1314,5221,名詞,副詞可能,*,*,*,*,先の日,サキノヒ,サキノヒ,0/4,*
今さら,1314,1314,5217,名詞,副詞可能,*,*,*,*,今さら,イマサラ,イマサラ,0/4,*
隙々,1314,1314,5221,名詞,副詞可能,*,*,*,*,隙々,ヒマヒマ,ヒマヒマ,0/4,*
特段,1314,1314,5520,名詞,副詞可能,*,*,*,*,特段,トクダン,トクダン,0/4,C2
おととし,1314,1314,6986,名詞,副詞可能,*,*,*,*,おととし,オトトシ,オトトシ,0/4,*
その日,1314,1314,10096,名詞,副詞可能,*,*,*,*,その日,ソノヒ,ソノヒ,0/3,*
昼過ぎ,1314,1314,5084,名詞,副詞可能,*,*,*,*,昼過ぎ,ヒルスギ,ヒルスギ,0/4,*
日常,1314,1314,6537,名詞,副詞可能,*,*,*,*,日常,ニチジョウ,ニチジョー,0/4,C2
城内,1314,1314,6134,名詞,副詞可能,*,*,*,*,城内,ジョウナイ,ジョーナイ,1/4,C1
病後,1314,1314,5241,名詞,副詞可能,*,*,*,*,病後,ビョウゴ,ビョーゴ,0/4,*
昨夜,1314,1314,5182,名詞,副詞可能,*,*,*,*,昨夜,サクヤ,サクヤ,2/3,C1
過去,1314,1314,5395,名詞,副詞可能,*,*,*,*,過去,カコ,カコ,0/2,*
毎晩,1314,1314,5195,名詞,副詞可能,*,*,*,*,毎晩,マイバン,マイバン,0/4,*
毎度,1314,1314,5221,名詞,副詞可能,*,*,*,*,毎度,マイド,マイド,0/3,*
真個,1314,1314,5305,名詞,副詞可能,*,*,*,*,真個,シンコ,シンコ,0/3,*
世世,1314,1314,5221,名詞,副詞可能,*,*,*,*,世世,ヨヨ,ヨヨ,1/2,C3
先ごろ,1314,1314,4393,名詞,副詞可能,*,*,*,*,先ごろ,サキゴロ,サキゴロ,0/4,*
大体,1314,1314,3890,名詞,副詞可能,*,*,*,*,大体,ダイタイ,ダイタイ,0/4,*
明くる日,1314,1314,5221,名詞,副詞可能,*,*,*,*,明くる日,アクルヒ,アクルヒ,0/4,*
昼休み,1314,1314,5731,名詞,副詞可能,*,*,*,*,昼休み,ヒルヤスミ,ヒルヤスミ,0/5,*
以往,1314,1314,4915,名詞,副詞可能,*,*,*,*,以往,イオウ,イオー,0/3,*
様,1314,1314,8218,名詞,副詞可能,*,*,*,*,様,ヨウ,ヨー,2/2,C3
陸路,1314,1314,5221,名詞,副詞可能,*,*,*,*,陸路,リクロ,リクロ,0/3,*
元三,1314,1314,5222,名詞,副詞可能,*,*,*,*,元三,ガンザン,ガンザン,0/4,C1
七日,1314,1314,6848,名詞,副詞可能,*,*,*,*,七日,ナノカ,ナノカ,0/3,C2
暇々,1314,1314,5221,名詞,副詞可能,*,*,*,*,暇々,ヒマヒマ,ヒマヒマ,0/4,*
前期,1314,1314,6912,名詞,副詞可能,*,*,*,*,前期,ゼンキ,ゼンキ,0/3,*
世界一,1314,1314,3139,名詞,副詞可能,*,*,*,*,世界一,セカイイチ,セカイイチ,0/5,*
今宵,1314,1314,5214,名詞,副詞可能,*,*,*,*,今宵,コヨイ,コヨイ,0/3,*
本来,1314,1314,2826,名詞,副詞可能,*,*,*,*,本来,ホンライ,ホンライ,0/4,*
近時,1314,1314,5222,名詞,副詞可能,*,*,*,*,近時,キンジ,キンジ,0/3,*
昨朝,1314,1314,5221,名詞,副詞可能,*,*,*,*,昨朝,サクチョウ,サクチョー,0/5,*
幾年,1314,1314,5214,名詞,副詞可能,*,*,*,*,幾年,イクトセ,イクトセ,0/4,*
ことし,1314,1314,5984,名詞,副詞可能,*,*,*,*,ことし,コトシ,コトシ,0/3,*
おかげ,1314,1314,7888,名詞,副詞可能,*,*,*,*,おかげ,オカゲ,オカゲ,0/3,*
真冬,1314,1314,5459,名詞,副詞可能,*,*,*,*,真冬,マフユ,マフユ,0/3,C2
旧年,1314,1314,5221,名詞,副詞可能,*,*,*,*,旧年,キュウネン,キューネン,0/5,*
この前,1314,1314,6805,名詞,副詞可能,*,*,*,*,この前,コノマエ,コノマエ,0/4,*
過般,1314,1314,5260,名詞,副詞可能,*,*,*,*,過般,カハン,カハン,0/3,*
日中,1314,1314,11909,名詞,副詞可能,*,*,*,*,日中,ニッチュウ,ニッチュー,0/4,C2
方,1314,1314,11173,名詞,副詞可能,*,*,*,*,方,ホウ,ホー,1/2,C3
生涯,1314,1314,5219,名詞,副詞可能,*,*,*,*,生涯,ショウガイ,ショーガイ,0/5,*
空路,1314,1314,4569,名詞,副詞可能,*,*,*,*,空路,クウロ,クーロ,1/3,C1
真っ最中,1314,1314,4712,名詞,副詞可能,*,*,*,*,真っ最中,マッサイチュウ,マッサイチュー,0/7,*
一昨々年,1314,1314,4046,名詞,副詞可能,*,*,*,*,一昨々年,サキオトトシ,サキオトトシ,0/6,*
後,1314,1314,10122,名詞,副詞可能,*,*,*,*,後,アト,アト,1/2,C3
分,1314,1314,10695,名詞,副詞可能,*,*,*,*,分,ブン,ブン,1/2,C3
半額,1314,1314,5236,名詞,副詞可能,*,*,*,*,半額,ハンガク,ハンガク,0/4,*
再度,1314,1314,5591,名詞,副詞可能,*,*,*,*,再度,サイド,サイド,0/3,*
あくる日,1314,1314,6348,名詞,副詞可能,*,*,*,*,あくる日,アクルヒ,アクルヒ,0/4,*
あげく,1314,1314,6349,名詞,副詞可能,*,*,*,*,あげく,アゲク,アゲク,0/3,*
六月,1314,1314,1333,名詞,副詞可能,*,*,*,*,六月,ロクガツ,ロクガツ,4/4,C2
お昼,1314,1314,7400,名詞,副詞可能,*,*,*,*,お昼,オヒル,オヒル,0/3,*
結局,1314,1314,4750,名詞,副詞可能,*,*,*,*,結局,ケッキョク,ケッキョク,0/5,*
先々,1314,1314,4728,名詞,副詞可能,*,*,*,*,先々,サキザキ,サキザキ,0/4,*
絶対,1314,1314,498,名詞,副詞可能,*,*,*,*,絶対,ゼッタイ,ゼッタイ,0/4,*
ついで,1314,1314,5883,名詞,副詞可能,*,*,*,*,ついで,ツイデ,ツイデ,0/3,*
各自,1314,1314,5196,名詞,副詞可能,*,*,*,*,各自,カクジ,カクジ,0/3,*
一角,1314,1314,4692,名詞,副詞可能,*,*,*,*,一角,ヒトカド,ヒトカド,4/4,C2
年初,1314,1314,5611,名詞,副詞可能,*,*,*,*,年初,ネンショ,ネンショ,1/3,C1
晩方,1314,1314,5221,名詞,副詞可能,*,*,*,*,晩方,バンガタ,バンガタ,0/4,*
新年,1314,1314,4377,名詞,副詞可能,*,*,*,*,新年,シンネン,シンネン,0/4,*
初度,1314,1314,5221,名詞,副詞可能,*,*,*,*,初度,ショド,ショド,0/3,*
今度,1314,1314,4879,名詞,副詞可能,*,*,*,*,今度,コンド,コンド,0/3,*
正午,1314,1314,4565,名詞,副詞可能,*,*,*,*,正午,ショウゴ,ショーゴ,0/4,*
生前,1314,1314,5086,名詞,副詞可能,*,*,*,*,生前,セイゼン,セイゼン,0/4,*
旧時,1314,1314,5214,名詞,副詞可能,*,*,*,*,旧時,キュウジ,キュージ,0/4,*
真っすぐ,1314,1314,5185,名詞,副詞可能,*,*,*,*,真っすぐ,マッスグ,マッスグ,0/4,*
未来永劫,1314,1314,5221,名詞,副詞可能,*,*,*,*,未来永劫,ミライエイゴウ,ミライエイゴー,0/7,*
ところどころ,1314,1314,5928,名詞,副詞可能,*,*,*,*,ところどころ,トコロドコロ,トコロドコロ,0/6,*
明朝,1314,1314,5221,名詞,副詞可能,*,*,*,*,明朝,ミョウチョウ,ミョーチョー,0/4,C2
去月,1314,1314,5221,名詞,副詞可能,*,*,*,*,去月,キョゲツ,キョゲツ,0/4,*
前年度,1314,1314,1059,名詞,副詞可能,*,*,*,*,前年度,ゼンネンド,ゼンネンド,0/5,*
間,1314,1314,11056,名詞,副詞可能,*,*,*,*,間,アイダ,アイダ,0/3,C2
間,1314,1314,10462,名詞,副詞可能,*,*,*,*,間,カン,カン,0/3,C2
一滴,1314,1314,3807,名詞,副詞可能,*,*,*,*,一滴,イッテキ,イッテキ,0/4,*
ひとりひとり,1314,1314,6340,名詞,副詞可能,*,*,*,*,ひとりひとり,ヒトリヒトリ,ヒトリヒトリ,0/6,*
程,1314,1314,7114,名詞,副詞可能,*,*,*,*,程,ホド,ホド,0/2,C3
末,1314,1314,6189,名詞,副詞可能,*,*,*,*,末,スエ,スエ,0/2,C4
末,1314,1314,6643,名詞,副詞可能,*,*,*,*,末,マツ,マツ,0/2,C4
７月,1314,1314,2709,名詞,副詞可能,*,*,*,*,７月,シチガツ,シチガツ,4/4,C2
昨年度,1314,1314,5095,名詞,副詞可能,*,*,*,*,昨年度,サクネンド,サクネンド,0/5,*
随分,1314,1314,5650,名詞,副詞可能,*,*,*,*,随分,ズイブン,ズイブン,1/4,C1
始め,1314,1314,4728,名詞,副詞可能,*,*,*,*,始め,ハジメ,ハジメ,0/3,*
偶然,1314,1314,3137,名詞,副詞可能,*,*,*,*,偶然,グウゼン,グーゼン,0/4,*
日日,1314,1314,5037,名詞,副詞可能,*,*,*,*,日日,ヒビ,ヒビ,0/2,C2
近日,1314,1314,4734,名詞,副詞可能,*,*,*,*,近日,キンジツ,キンジツ,1/4,C1
今秋,1314,1314,4990,名詞,副詞可能,*,*,*,*,今秋,コンシュウ,コンシュー,0/5,*
十月,1314,1314,3671,名詞,副詞可能,*,*,*,*,十月,ジュウガツ,ジューガツ,0/5,*
月々,1314,1314,5639,名詞,副詞可能,*,*,*,*,月々,ツキヅキ,ツキズキ,2/4,C1
毎号,1314,1314,5221,名詞,副詞可能,*,*,*,*,毎号,マイゴウ,マイゴー,0/4,*
毎夜,1314,1314,5206,名詞,副詞可能,*,*,*,*,毎夜,マイヨ,マイヨ,0/3,*
来秋,1314,1314,5154,名詞,副詞可能,*,*,*,*,来秋,ライシュウ,ライシュー,0/5,*
先週,1314,1314,4581,名詞,副詞可能,*,*,*,*,先週,センシュウ,センシュー,0/5,*
昼日中,1314,1314,5221,名詞,副詞可能,*,*,*,*,昼日中,ヒルヒナカ,ヒルヒナカ,0/5,*
随時,1314,1314,5266,名詞,副詞可能,*,*,*,*,随時,ズイジ,ズイジ,0/3,*
隔日,1314,1314,5127,名詞,副詞可能,*,*,*,*,隔日,カクジツ,カクジツ,0/4,*
当季,1314,1314,5197,名詞,副詞可能,*,*,*,*,当季,トウキ,トーキ,0/3,*
大昔,1314,1314,5203,名詞,副詞可能,*,*,*,*,大昔,オオムカシ,オームカシ,0/5,*
みな,1314,1314,6913,名詞,副詞可能,*,*,*,*,みな,ミナ,ミナ,0/2,C3
四月,1314,1314,4070,名詞,副詞可能,*,*,*,*,四月,シガツ,シガツ,0/3,*
同日,1314,1314,2865,名詞,副詞可能,*,*,*,*,同日,ドウジツ,ドージツ,0/4,*
幾とせ,1314,1314,5172,名詞,副詞可能,*,*,*,*,幾とせ,イクトセ,イクトセ,0/4,*
最近,1314,1314,3412,名詞,副詞可能,*,*,*,*,最近,サイキン,サイキン,0/4,*
亡き後,1314,1314,5197,名詞,副詞可能,*,*,*,*,亡き後,ナキアト,ナキアト,0/4,*
半月,1314,1314,5582,名詞,副詞可能,*,*,*,*,半月,ハンツキ,ハンツキ,4/4,C2
最中,1314,1314,3253,名詞,副詞可能,*,*,*,*,最中,サイチュウ,サイチュー,1/4,C1
普段,1314,1314,3562,名詞,副詞可能,*,*,*,*,普段,フダン,フダン,0/3,*
あさって,1314,1314,6447,名詞,副詞可能,*,*,*,*,あさって,アサッテ,アサッテ,0/4,*
真昼間,1314,1314,5221,名詞,副詞可能,*,*,*,*,真昼間,マッピルマ,マッピルマ,0/5,*
連日,1314,1314,5149,名詞,副詞可能,*,*,*,*,連日,レンジツ,レンジツ,0/4,*
どおり,1314,1314,6279,名詞,副詞可能,*,*,*,*,どおり,ドオリ,ドーリ,1/3,C1
こんど,1314,1314,6299,名詞,副詞可能,*,*,*,*,こんど,コンド,コンド,0/3,*
鋭意,1314,1314,5221,名詞,副詞可能,*,*,*,*,鋭意,エイイ,エイイ,0/3,*
初冬,1314,1314,4881,名詞,副詞可能,*,*,*,*,初冬,ショトウ,ショトー,0/4,*
凡て,1314,1314,5007,名詞,副詞可能,*,*,*,*,凡て,スベテ,スベテ,0/3,*
半道,1314,1314,5221,名詞,副詞可能,*,*,*,*,半道,ハンミチ,ハンミチ,0/4,C2
前,1314,1314,3275,名詞,副詞可能,*,*,*,*,前,マエ,マエ,1/2,C1
前,1314,1314,9950,名詞,副詞可能,*,*,*,*,前,ゼン,ゼン,1/2,C1
雨下,1314,1314,5302,名詞,副詞可能,*,*,*,*,雨下,ウカ,ウカ,1/2,C3
適宜,1314,1314,3625,名詞,副詞可能,*,*,*,*,適宜,テキギ,テキギ,0/3,*
終生,1314,1314,5302,名詞,副詞可能,*,*,*,*,終生,シュウセイ,シューセイ,0/5,*
隔週,1314,1314,5459,名詞,副詞可能,*,*,*,*,隔週,カクシュウ,カクシュー,0/5,*
後々,1314,1314,5213,名詞,副詞可能,*,*,*,*,後々,アトアト,アトアト,0/4,*
揚げ句,1314,1314,5222,名詞,副詞可能,*,*,*,*,揚げ句,アゲク,アゲク,0/3,*
旧冬,1314,1314,5317,名詞,副詞可能,*,*,*,*,旧冬,キュウトウ,キュートー,0/5,*
当日,1314,1314,3981,名詞,副詞可能,*,*,*,*,当日,トウジツ,トージツ,0/4,*
一部,1314,1314,463,名詞,副詞可能,*,*,*,*,一部,イチブ,イチブ,2/3,C1
諸共,1314,1314,5221,名詞,副詞可能,*,*,*,*,諸共,モロトモ,モロトモ,0/4,*
今週,1314,1314,3948,名詞,副詞可能,*,*,*,*,今週,コンシュウ,コンシュー,0/5,*
軒並み,1314,1314,4058,名詞,副詞可能,*,*,*,*,軒並み,ノキナミ,ノキナミ,0/4,C2
今般,1314,1314,5221,名詞,副詞可能,*,*,*,*,今般,コンパン,コンパン,0/4,*
一切,1314,1314,2098,名詞,副詞可能,*,*,*,*,一切,イッサイ,イッサイ,1/4,C1
半期,1314,1314,6688,名詞,副詞可能,*,*,*,*,半期,ハンキ,ハンキ,1/3,C1
日ごろ,1314,1314,5744,名詞,副詞可能,*,*,*,*,日ごろ,ヒゴロ,ヒゴロ,0/3,C2
この際,1314,1314,7115,名詞,副詞可能,*,*,*,*,この際,コノサイ,コノサイ,0/4,*
当面,1314,1314,4366,名詞,副詞可能,*,*,*,*,当面,トウメン,トーメン,0/4,*
先刻,1314,1314,5221,名詞,副詞可能,*,*,*,*,先刻,センコク,センコク,0/4,*
月旦,1314,1314,5221,名詞,副詞可能,*,*,*,*,月旦,ゲッタン,ゲッタン,0/4,*
古代,1314,1314,6183,名詞,副詞可能,*,*,*,*,古代,コダイ,コダイ,1/3,C1
１０月,1314,1314,2842,名詞,副詞可能,*,*,*,*,１０月,ジュウガツ,ジューガツ,4/4,C2
終世,1314,1314,5278,名詞,副詞可能,*,*,*,*,終世,シュウセイ,シューセイ,0/5,*
行く末,1314,1314,4734,名詞,副詞可能,*,*,*,*,行く末,ユクスエ,ユクスエ,0/4,C2
冬期,1314,1314,5197,名詞,副詞可能,*,*,*,*,冬期,トウキ,トーキ,0/3,*
長日,1314,1314,5221,名詞,副詞可能,*,*,*,*,長日,チョウジツ,チョージツ,0/5,*
三時,1314,1314,2818,名詞,副詞可能,*,*,*,*,三時,サンジ,サンジ,0/3,*
いまどき,1314,1314,6870,名詞,副詞可能,*,*,*,*,いまどき,イマドキ,イマドキ,0/4,*
月央,1314,1314,5221,名詞,副詞可能,*,*,*,*,月央,ゲツオウ,ゲツオー,0/4,*
一歩,1314,1314,8622,名詞,副詞可能,*,*,*,*,一歩,イッポ,イッポ,1/3,C1
今日,1314,1314,4263,名詞,副詞可能,*,*,*,*,今日,キョウ,キョー,1/4,C3
今日,1314,1314,5290,名詞,副詞可能,*,*,*,*,今日,コンニチ,コンニチ,1/4,C3
今夜,1314,1314,5092,名詞,副詞可能,*,*,*,*,今夜,コンヤ,コンヤ,0/3,*
