合,1175,1175,8153,名詞,接尾,助数詞,*,*,*,合,ゴウ,ゴー,1/2,C3
廠,1171,1171,7559,名詞,接尾,一般,*,*,*,廠,ショウ,ショー,0/3,*
階,1175,1175,7885,名詞,接尾,助数詞,*,*,*,階,カイ,カイ,1/2,C4
難,1171,1171,6016,名詞,接尾,一般,*,*,*,難,ナン,ナン,1/2,C3
内,1171,1171,6087,名詞,接尾,一般,*,*,*,内,ナイ,ナイ,0/2,C3
違い,1171,1171,5007,名詞,接尾,一般,*,*,*,違い,チガイ,チガイ,0/3,C2
ｈａ,1175,1175,10462,名詞,接尾,助数詞,*,*,*,ｈａ,ヘクタール,ヘクタール,0/5,*
近い,1171,1171,8484,名詞,接尾,一般,*,*,*,近い,チカイ,チカイ,0/3,*
クラス,1175,1175,8930,名詞,接尾,助数詞,*,*,*,クラス,クラス,クラス,1/3,C1
含み,1171,1171,8535,名詞,接尾,一般,*,*,*,含み,ブクミ,ブクミ,3/3,C1
号棟,1175,1175,8125,名詞,接尾,助数詞,*,*,*,号棟,ゴウトウ,ゴートー,0/4,*
ミリ,1175,1175,8280,名詞,接尾,助数詞,*,*,*,ミリ,ミリ,ミリ,1/2,C3
ヶ村,1175,1175,8055,名詞,接尾,助数詞,*,*,*,ヶ村,カソン,カソン,0/3,*
ケ国,1175,1175,7984,名詞,接尾,助数詞,*,*,*,ケ国,カコク,カコク,0/3,*
別,1171,1171,6360,名詞,接尾,一般,*,*,*,別,ベツ,ベツ,0/2,C3
カ村,1175,1175,8055,名詞,接尾,助数詞,*,*,*,カ村,カソン,カソン,0/3,*
倍,1175,1175,7272,名詞,接尾,助数詞,*,*,*,倍,バイ,バイ,0/2,C3
盗,1175,1175,8350,名詞,接尾,助数詞,*,*,*,盗,トウ,トー,0/2,*
鉢,1175,1175,8269,名詞,接尾,助数詞,*,*,*,鉢,ハチ,ハチ,2/2,C3
次,1171,1171,6194,名詞,接尾,一般,*,*,*,次,ジ,ジ,1/1,C3
住まい,1171,1171,7728,名詞,接尾,一般,*,*,*,住まい,ズマイ,ズマイ,1/3,C1
通,1171,1171,6866,名詞,接尾,一般,*,*,*,通,ドオリ,ドーリ,1/3,C3
通,1171,1171,6131,名詞,接尾,一般,*,*,*,通,ツウ,ツー,1/3,C3
付け,1171,1171,6714,名詞,接尾,一般,*,*,*,付け,ヅケ,ズケ,2/2,C4
付け,1171,1171,7367,名詞,接尾,一般,*,*,*,付け,ツケ,ツケ,2/2,C4
基,1175,1175,9545,名詞,接尾,助数詞,*,*,*,基,キ,キ,1/1,C3
人,1175,1175,8555,名詞,接尾,助数詞,*,*,*,人,ニン,ニン,1/2,C3
制,1171,1171,6551,名詞,接尾,一般,*,*,*,制,セイ,セイ,1/2,C4
祓い,1171,1171,6257,名詞,接尾,一般,*,*,*,祓い,バライ,バライ,2/3,C1
前,1173,1173,9954,名詞,接尾,副詞可能,*,*,*,前,マエ,マエ,1/2,C1
係,1171,1171,6753,名詞,接尾,一般,*,*,*,係,ガカリ,ガカリ,1/3,C1
止まり,1171,1171,7800,名詞,接尾,一般,*,*,*,止まり,ドマリ,ドマリ,0/3,C2
術,1171,1171,7624,名詞,接尾,一般,*,*,*,術,ジュツ,ジュツ,1/2,C3
膳,1175,1175,9114,名詞,接尾,助数詞,*,*,*,膳,ゼン,ゼン,0/2,C3
グループ,1175,1175,11397,名詞,接尾,助数詞,*,*,*,グループ,グループ,グループ,2/4,C1
訳,1171,1171,6381,名詞,接尾,一般,*,*,*,訳,ヤク,ヤク,1/2,C3
箱,1171,1171,4815,名詞,接尾,一般,*,*,*,箱,バコ,バコ,0/2,C3
墓,1171,1171,8559,名詞,接尾,一般,*,*,*,墓,ボ,ボ,1/1,C3
くん,1172,1172,7192,名詞,接尾,人名,*,*,*,くん,クン,クン,0/2,*
侯,1171,1171,7013,名詞,接尾,一般,*,*,*,侯,コウ,コー,1/2,C3
暮らし,1171,1171,8143,名詞,接尾,一般,*,*,*,暮らし,グラシ,グラシ,0/3,C2
差し,1171,1171,7051,名詞,接尾,一般,*,*,*,差し,サシ,サシ,2/2,C3
病,1171,1171,6110,名詞,接尾,一般,*,*,*,病,ビョウ,ビョー,1/2,C4
簿,1171,1171,7336,名詞,接尾,一般,*,*,*,簿,ボ,ボ,1/1,*
角,1175,1175,11472,名詞,接尾,助数詞,*,*,*,角,カク,カク,1/2,C3
都,1176,1176,7129,名詞,接尾,地域,*,*,*,都,ト,ト,1/1,C3
割,1175,1175,6209,名詞,接尾,助数詞,*,*,*,割,ワリ,ワリ,0/2,C3
歳,1175,1175,6490,名詞,接尾,助数詞,*,*,*,歳,サイ,サイ,1/2,C3
海里,1175,1175,8125,名詞,接尾,助数詞,*,*,*,海里,カイリ,カイリ,0/3,*
代,1171,1171,7390,名詞,接尾,一般,*,*,*,代,ダイ,ダイ,0/2,C3
ゆかり,1171,1171,10694,名詞,接尾,一般,*,*,*,ゆかり,ユカリ,ユカリ,1/3,C1
号室,1175,1175,13376,名詞,接尾,助数詞,*,*,*,号室,ゴウシツ,ゴーシツ,1/4,C1
通い,1171,1171,6121,名詞,接尾,一般,*,*,*,通い,ガヨイ,ガヨイ,0/3,C1
枠,1171,1171,5517,名詞,接尾,一般,*,*,*,枠,ワク,ワク,2/2,C3
人,1171,1171,8151,名詞,接尾,一般,*,*,*,人,ジン,ジン,1/2,C3
人,1171,1171,8965,名詞,接尾,一般,*,*,*,人,ニン,ニン,1/2,C3
人,1171,1171,12579,名詞,接尾,一般,*,*,*,人,ヒト,ヒト,1/2,C3
隅,1171,1171,7419,名詞,接尾,一般,*,*,*,隅,スミ,スミ,1/2,C4
草,1171,1171,4949,名詞,接尾,一般,*,*,*,草,ソウ,ソー,2/2,C3
債,1171,1171,7508,名詞,接尾,一般,*,*,*,債,サイ,サイ,0/2,*
回線,1175,1175,6439,名詞,接尾,助数詞,*,*,*,回線,カイセン,カイセン,0/4,C1
選,1175,1175,13238,名詞,接尾,助数詞,*,*,*,選,セン,セン,1/2,C4
者,1171,1171,6395,名詞,接尾,一般,*,*,*,者,シャ,シャ,2/2,C4
者,1171,1171,7077,名詞,接尾,一般,*,*,*,者,モノ,モノ,2/2,C4
場,1171,1171,5776,名詞,接尾,一般,*,*,*,場,ジョウ,ジョー,0/1,C4
場,1171,1171,5865,名詞,接尾,一般,*,*,*,場,バ,バ,0/1,C4
ダイン,1175,1175,8066,名詞,接尾,助数詞,*,*,*,ダイン,ダイン,ダイン,1/3,C1
室,1171,1171,5192,名詞,接尾,一般,*,*,*,室,シツ,シツ,2/2,C3
部,1175,1175,10577,名詞,接尾,助数詞,*,*,*,部,ブ,ブ,1/1,C3
粒,1175,1175,8412,名詞,接尾,助数詞,*,*,*,粒,ツブ,ツブ,1/2,C3
スイスフラン,1175,1175,8025,名詞,接尾,助数詞,*,*,*,スイスフラン,スイスフラン,スイスフラン,4/6,C1
乗り,1171,1171,6908,名詞,接尾,一般,*,*,*,乗り,ノリ,ノリ,0/2,C3
回り,1171,1171,8767,名詞,接尾,一般,*,*,*,回り,マワリ,マワリ,0/3,C2
メートル,1175,1175,7836,名詞,接尾,助数詞,*,*,*,メートル,メートル,メートル,0/4,C2
邸,1171,1171,6374,名詞,接尾,一般,*,*,*,邸,テイ,テイ,1/2,C4
点,1171,1171,7255,名詞,接尾,一般,*,*,*,点,テン,テン,0/2,C3
っ放し,1171,1171,8638,名詞,接尾,一般,*,*,*,っ放し,ッパナシ,ッパナシ,0/4,*
ＯＦＦ,1171,1171,8905,名詞,接尾,一般,*,*,*,ＯＦＦ,オフ,オフ,0/2,*
割り,1171,1171,5744,名詞,接尾,一般,*,*,*,割り,ワリ,ワリ,0/2,C3
町,1176,1176,6927,名詞,接尾,地域,*,*,*,町,マチ,マチ,2/2,C3
町,1176,1176,7206,名詞,接尾,地域,*,*,*,町,チョウ,チョー,2/2,C3
ｍｈｚ,1175,1175,10452,名詞,接尾,助数詞,*,*,*,ｍｈｚ,メガヘルツ,メガヘルツ,0/5,*
店,1171,1171,6149,名詞,接尾,一般,*,*,*,店,テン,テン,0/2,C3
下,1171,1171,7827,名詞,接尾,一般,*,*,*,下,カ,カ,1/1,C3
下,1171,1171,9208,名詞,接尾,一般,*,*,*,下,シタ,シタ,1/1,C3
下,1171,1171,11072,名詞,接尾,一般,*,*,*,下,ゲ,ゲ,1/1,C3
版,1175,1175,8895,名詞,接尾,助数詞,*,*,*,版,ハン,ハン,1/2,C3
便,1171,1171,6835,名詞,接尾,一般,*,*,*,便,ビン,ビン,1/2,C3
曲,1175,1175,7509,名詞,接尾,助数詞,*,*,*,曲,キョク,キョク,0/2,C3
ガエル,1171,1171,8064,名詞,接尾,一般,*,*,*,ガエル,ガエル,ガエル,0/3,*
源,1171,1171,6889,名詞,接尾,一般,*,*,*,源,ゲン,ゲン,0/2,C2
変わり,1171,1171,8649,名詞,接尾,一般,*,*,*,変わり,ガワリ,ガワリ,0/3,C2
美,1171,1171,8515,名詞,接尾,一般,*,*,*,美,ビ,ビ,1/1,C3
カ月,1175,1175,10097,名詞,接尾,助数詞,*,*,*,カ月,カゲツ,カゲツ,0/3,*
毎,1171,1171,7808,名詞,接尾,一般,*,*,*,毎,ゴト,ゴト,0/2,*
対,1175,1175,10068,名詞,接尾,助数詞,*,*,*,対,ツイ,ツイ,1/2,C3
ｖ,1175,1175,10468,名詞,接尾,助数詞,*,*,*,ｖ,ボルト,ボルト,0/3,*
展,1171,1171,6550,名詞,接尾,一般,*,*,*,展,テン,テン,0/2,*
射,1175,1175,8604,名詞,接尾,助数詞,*,*,*,射,シャ,シャ,0/2,*
沢山,1171,1171,6390,名詞,接尾,一般,*,*,*,沢山,ダクサン,ダクサン,1/4,C1
曲,1171,1171,5184,名詞,接尾,一般,*,*,*,曲,キョク,キョク,0/2,C3
リンギ,1175,1175,8055,名詞,接尾,助数詞,*,*,*,リンギ,リンギ,リンギ,1/3,C1
勝,1175,1175,7779,名詞,接尾,助数詞,*,*,*,勝,ショウ,ショー,1/2,C4
戦,1175,1175,9632,名詞,接尾,助数詞,*,*,*,戦,セン,セン,1/2,C3
判,1171,1171,6753,名詞,接尾,一般,*,*,*,判,バン,バン,1/2,C4
ナノ,1175,1175,8080,名詞,接尾,助数詞,*,*,*,ナノ,ナノ,ナノ,1/2,C1
頭,1175,1175,7095,名詞,接尾,助数詞,*,*,*,頭,トウ,トー,2/2,C1
セン,1171,1171,9200,名詞,接尾,一般,*,*,*,セン,セン,セン,1/2,C3
ヶ所,1175,1175,8209,名詞,接尾,助数詞,*,*,*,ヶ所,カショ,カショ,0/3,*
門,1171,1171,6348,名詞,接尾,一般,*,*,*,門,モン,モン,1/2,C3
研,1171,1171,7170,名詞,接尾,一般,*,*,*,研,ケン,ケン,1/2,C4
がい,1171,1171,9882,名詞,接尾,一般,*,*,*,がい,ガイ,ガイ,0/2,C4
ｋｂ,1175,1175,10463,名詞,接尾,助数詞,*,*,*,ｋｂ,キロバイト,キロバイト,0/5,*
味,1171,1171,7885,名詞,接尾,一般,*,*,*,味,ミ,ミ,0/2,C3
味,1171,1171,7718,名詞,接尾,一般,*,*,*,味,アジ,アジ,0/2,C3
腫,1171,1171,6813,名詞,接尾,一般,*,*,*,腫,シュ,シュ,0/2,*
買,1171,1171,7492,名詞,接尾,一般,*,*,*,買,ガイ,ガイ,0/2,C3
買,1171,1171,7567,名詞,接尾,一般,*,*,*,買,カイ,カイ,0/2,C3
Ｆ,1175,1175,14478,名詞,接尾,助数詞,*,*,*,Ｆ,エフ,エフ,0/2,*
取り,1171,1171,8210,名詞,接尾,一般,*,*,*,取り,トリ,トリ,2/2,C3
取り,1171,1171,7341,名詞,接尾,一般,*,*,*,取り,ドリ,ドリ,2/2,C3
客,1175,1175,9934,名詞,接尾,助数詞,*,*,*,客,キャク,キャク,0/2,C3
盤,1171,1171,7062,名詞,接尾,一般,*,*,*,盤,バン,バン,1/2,C4
さま,1172,1172,8812,名詞,接尾,人名,*,*,*,さま,サマ,サマ,0/2,C5
団,1175,1175,8684,名詞,接尾,助数詞,*,*,*,団,ダン,ダン,1/2,C3
臭,1171,1171,6077,名詞,接尾,一般,*,*,*,臭,シュウ,シュー,0/2,C3
臭,1171,1171,7772,名詞,接尾,一般,*,*,*,臭,ニオイ,ニオイ,0/2,C3
的,1177,1177,4501,名詞,接尾,形容動詞語幹,*,*,*,的,テキ,テキ,0/2,C3
派,1175,1175,10589,名詞,接尾,助数詞,*,*,*,派,ハ,ハ,1/1,C4
艇,1175,1175,7962,名詞,接尾,助数詞,*,*,*,艇,テイ,テイ,1/2,C4
州,1176,1176,8864,名詞,接尾,地域,*,*,*,州,シュウ,シュー,1/2,C3
号,1175,1175,13103,名詞,接尾,助数詞,*,*,*,号,ゴウ,ゴー,1/2,C3
砲,1171,1171,5961,名詞,接尾,一般,*,*,*,砲,ホウ,ホー,0/2,*
糸,1171,1171,7126,名詞,接尾,一般,*,*,*,糸,イト,イト,1/2,C4
がら,1171,1171,8298,名詞,接尾,一般,*,*,*,がら,ガラ,ガラ,0/2,C4
当り,1171,1171,6289,名詞,接尾,一般,*,*,*,当り,アタリ,アタリ,1/3,C1
キロバイト,1175,1175,8055,名詞,接尾,助数詞,*,*,*,キロバイト,キロバイト,キロバイト,0/5,*
床,1175,1175,9496,名詞,接尾,助数詞,*,*,*,床,ショウ,ショー,0/2,C3
っぷり,1178,1178,8688,名詞,接尾,特殊,*,*,*,っぷり,ップリ,ップリ,0/3,*
服,1171,1171,8011,名詞,接尾,一般,*,*,*,服,フク,フク,2/2,C3
類,1171,1171,7082,名詞,接尾,一般,*,*,*,類,ルイ,ルイ,1/2,C3
面,1175,1175,11332,名詞,接尾,助数詞,*,*,*,面,メン,メン,0/2,C3
死,1170,1170,7250,名詞,接尾,サ変接続,*,*,*,死,シ,シ,1/1,C3
立方センチメートル,1175,1175,8126,名詞,接尾,助数詞,*,*,*,立方センチメートル,リッポウセンチメートル,リッポーセンチメートル,0/11,*
署,1171,1171,4388,名詞,接尾,一般,*,*,*,署,ショ,ショ,1/1,C4
本立て,1175,1175,10420,名詞,接尾,助数詞,*,*,*,本立て,ホンダテ,ホンダテ,1/4,C2
音,1171,1171,7791,名詞,接尾,一般,*,*,*,音,オン,オン,2/2,C3
幕,1175,1175,10997,名詞,接尾,助数詞,*,*,*,幕,マク,マク,2/2,C3
ヵ年,1175,1175,8055,名詞,接尾,助数詞,*,*,*,ヵ年,カネン,カネン,0/3,*
乞い,1171,1171,6405,名詞,接尾,一般,*,*,*,乞い,ゴイ,ゴイ,0/2,C4
メーカー,1175,1175,9347,名詞,接尾,助数詞,*,*,*,メーカー,メーカー,メーカー,1/4,C1
薬,1171,1171,6303,名詞,接尾,一般,*,*,*,薬,ヤク,ヤク,0/2,C2
薬,1171,1171,6895,名詞,接尾,一般,*,*,*,薬,グスリ,グスリ,0/2,C2
周忌,1175,1175,7352,名詞,接尾,助数詞,*,*,*,周忌,シュウキ,シューキ,0/4,*
皿,1175,1175,8089,名詞,接尾,助数詞,*,*,*,皿,サラ,サラ,0/2,C3
山,1175,1175,11159,名詞,接尾,助数詞,*,*,*,山,ヤマ,ヤマ,2/2,C3
ヘクトパスカル,1175,1175,8052,名詞,接尾,助数詞,*,*,*,ヘクトパスカル,ヘクトパスカル,ヘクトパスカル,0/7,*
拍,1175,1175,8842,名詞,接尾,助数詞,*,*,*,拍,ハク,ハク,0/2,*
セント,1175,1175,8226,名詞,接尾,助数詞,*,*,*,セント,セント,セント,1/3,C1
号館,1175,1175,8298,名詞,接尾,助数詞,*,*,*,号館,ゴウカン,ゴーカン,0/4,*
学,1171,1171,7083,名詞,接尾,一般,*,*,*,学,ガク,ガク,1/2,C3
説,1171,1171,7304,名詞,接尾,一般,*,*,*,説,セツ,セツ,1/2,C3
ギガバイト,1175,1175,8055,名詞,接尾,助数詞,*,*,*,ギガバイト,ギガバイト,ギガバイト,0/5,*
首,1175,1175,8390,名詞,接尾,助数詞,*,*,*,首,シュ,シュ,0/1,C3
庁,1171,1171,9003,名詞,接尾,一般,*,*,*,庁,チョウ,チョー,1/2,C3
Ｍ,1175,1175,11114,名詞,接尾,助数詞,*,*,*,Ｍ,メガ,メガ,0/2,*
記,1171,1171,8875,名詞,接尾,一般,*,*,*,記,キ,キ,1/1,C3
報,1175,1175,9817,名詞,接尾,助数詞,*,*,*,報,ホウ,ホー,1/2,C3
坪,1175,1175,8394,名詞,接尾,助数詞,*,*,*,坪,ツボ,ツボ,0/2,C4
ヘルツ,1175,1175,8109,名詞,接尾,助数詞,*,*,*,ヘルツ,ヘルツ,ヘルツ,0/3,*
光,1171,1171,7861,名詞,接尾,一般,*,*,*,光,コウ,コー,1/2,C2
協,1171,1171,6414,名詞,接尾,一般,*,*,*,協,キョウ,キョー,0/3,*
ソル,1175,1175,8312,名詞,接尾,助数詞,*,*,*,ソル,ソル,ソル,1/2,C3
銭,1175,1175,8689,名詞,接尾,助数詞,*,*,*,銭,セン,セン,1/2,C3
沼,1171,1171,7728,名詞,接尾,一般,*,*,*,沼,ヌマ,ヌマ,2/2,C4
馬,1171,1171,7669,名詞,接尾,一般,*,*,*,馬,バ,バ,1/1,C3
冠,1175,1175,8746,名詞,接尾,助数詞,*,*,*,冠,カン,カン,1/2,C4
糎,1175,1175,8126,名詞,接尾,助数詞,*,*,*,糎,センチメートル,センチメートル,1/3,C1
打ち,1171,1171,8742,名詞,接尾,一般,*,*,*,打ち,ウチ,ウチ,1/2,C4
主,1171,1171,7694,名詞,接尾,一般,*,*,*,主,ヌシ,ヌシ,1/1,C3
主,1171,1171,6951,名詞,接尾,一般,*,*,*,主,シュ,シュ,1/1,C3
校,1175,1175,9218,名詞,接尾,助数詞,*,*,*,校,コウ,コー,1/2,C3
雨,1171,1171,6109,名詞,接尾,一般,*,*,*,雨,ウ,ウ,1/1,C3
同然,1177,1177,4768,名詞,接尾,形容動詞語幹,*,*,*,同然,ドウゼン,ドーゼン,0/4,C2
だこ,1171,1171,9494,名詞,接尾,一般,*,*,*,だこ,ダコ,ダコ,1/2,C1
歩,1175,1175,8398,名詞,接尾,助数詞,*,*,*,歩,ホ,ホ,0/1,C3
通り,1171,1171,3804,名詞,接尾,一般,*,*,*,通り,ドオリ,ドーリ,3/3,C2
桁,1175,1175,8126,名詞,接尾,助数詞,*,*,*,桁,ケタ,ケタ,0/2,C3
匁,1175,1175,8126,名詞,接尾,助数詞,*,*,*,匁,モンメ,モンメ,0/3,*
くず,1171,1171,8673,名詞,接尾,一般,*,*,*,くず,クズ,クズ,1/2,C1
羽,1175,1175,8433,名詞,接尾,助数詞,*,*,*,羽,ワ,ワ,0/1,C3
羽,1175,1175,11068,名詞,接尾,助数詞,*,*,*,羽,バ,バ,0/1,C3
カナダドル,1175,1175,8026,名詞,接尾,助数詞,*,*,*,カナダドル,カナダドル,カナダドル,3/5,C1
落ち,1171,1171,5259,名詞,接尾,一般,*,*,*,落ち,オチ,オチ,2/2,C4
岸,1171,1171,8130,名詞,接尾,一般,*,*,*,岸,ガン,ガン,2/2,C3
ミリアンペア,1175,1175,8055,名詞,接尾,助数詞,*,*,*,ミリアンペア,ミリアンペア,ミリアンペア,0/6,*
造り,1171,1171,5863,名詞,接尾,一般,*,*,*,造り,ヅクリ,ズクリ,1/3,C1
弱,1171,1171,5867,名詞,接尾,一般,*,*,*,弱,ジャク,ジャク,1/2,C1
あて,1171,1171,8064,名詞,接尾,一般,*,*,*,あて,アテ,アテ,0/2,C4
速,1171,1171,6857,名詞,接尾,一般,*,*,*,速,ソク,ソク,1/2,C3
線,1171,1171,4554,名詞,接尾,一般,*,*,*,線,セン,セン,1/2,C4
モル,1175,1175,8055,名詞,接尾,助数詞,*,*,*,モル,モル,モル,0/2,*
工,1171,1171,8018,名詞,接尾,一般,*,*,*,工,コウ,コー,1/2,C3
句,1175,1175,9557,名詞,接尾,助数詞,*,*,*,句,ク,ク,1/1,C3
帖,1175,1175,8991,名詞,接尾,助数詞,*,*,*,帖,ジョウ,ジョー,1/2,C3
ペニヒ,1175,1175,8055,名詞,接尾,助数詞,*,*,*,ペニヒ,ペニヒ,ペニヒ,0/3,*
ざかり,1171,1171,8688,名詞,接尾,一般,*,*,*,ざかり,ザカリ,ザカリ,0/3,*
財,1171,1171,7938,名詞,接尾,一般,*,*,*,財,ザイ,ザイ,1/2,C3
達,1171,1171,3150,名詞,接尾,一般,*,*,*,達,タチ,タチ,1/2,C3
返し,1171,1171,7344,名詞,接尾,一般,*,*,*,返し,ガエシ,ガエシ,3/3,C2
反,1175,1175,10786,名詞,接尾,助数詞,*,*,*,反,タン,タン,1/2,C3
じゅう,1171,1171,8468,名詞,接尾,一般,*,*,*,じゅう,ジュウ,ジュー,1/2,C4
込み,1171,1171,7428,名詞,接尾,一般,*,*,*,込み,コミ,コミ,2/2,C4
岳,1171,1171,6587,名詞,接尾,一般,*,*,*,岳,ダケ,ダケ,2/2,C3
センチ,1175,1175,6836,名詞,接尾,助数詞,*,*,*,センチ,センチ,センチ,1/3,C1
週,1171,1171,8594,名詞,接尾,一般,*,*,*,週,シュウ,シュー,1/2,C3
器,1171,1171,7630,名詞,接尾,一般,*,*,*,器,キ,キ,0/1,C2
ｄｂ,1175,1175,10463,名詞,接尾,助数詞,*,*,*,ｄｂ,デシベル,デシベル,0/4,*
声,1171,1171,7205,名詞,接尾,一般,*,*,*,声,ゴエ,ゴエ,1/2,C3
声,1171,1171,8683,名詞,接尾,一般,*,*,*,声,コエ,コエ,1/2,C3
痛,1171,1171,5744,名詞,接尾,一般,*,*,*,痛,ツウ,ツー,0/2,C4
ぶり,1178,1178,9491,名詞,接尾,特殊,*,*,*,ぶり,ブリ,ブリ,0/2,C4
揚げ,1171,1171,7787,名詞,接尾,一般,*,*,*,揚げ,アゲ,アゲ,0/2,C4
次,1175,1175,7725,名詞,接尾,助数詞,*,*,*,次,ジ,ジ,1/1,C3
なみ,1171,1171,8777,名詞,接尾,一般,*,*,*,なみ,ナミ,ナミ,0/2,C4
用,1171,1171,7148,名詞,接尾,一般,*,*,*,用,ヨウ,ヨー,1/2,C3
篇,1175,1175,8695,名詞,接尾,助数詞,*,*,*,篇,ヘン,ヘン,0/2,*
アンペア,1175,1175,8426,名詞,接尾,助数詞,*,*,*,アンペア,アンペア,アンペア,3/4,C1
デシリットル,1175,1175,8055,名詞,接尾,助数詞,*,*,*,デシリットル,デシリットル,デシリットル,0/6,*
びたり,1171,1171,8622,名詞,接尾,一般,*,*,*,びたり,ビタリ,ビタリ,0/3,*
ミクロン,1175,1175,8055,名詞,接尾,助数詞,*,*,*,ミクロン,ミクロン,ミクロン,1/4,C1
編,1175,1175,9228,名詞,接尾,助数詞,*,*,*,編,ヘン,ヘン,1/2,C3
図,1171,1171,6492,名詞,接尾,一般,*,*,*,図,ズ,ズ,0/1,C3
がけ,1171,1171,10015,名詞,接尾,一般,*,*,*,がけ,ガケ,ガケ,0/2,C4
区間,1171,1171,8116,名詞,接尾,一般,*,*,*,区間,クカン,クカン,1/3,C1
とおり,1175,1175,10896,名詞,接尾,助数詞,*,*,*,とおり,トオリ,トーリ,3/3,C2
ｈｚ,1175,1175,10474,名詞,接尾,助数詞,*,*,*,ｈｚ,ヘルツ,ヘルツ,0/3,*
高,1171,1171,5309,名詞,接尾,一般,*,*,*,高,ダカ,ダカ,1/2,C3
高,1171,1171,6307,名詞,接尾,一般,*,*,*,高,コウ,コー,1/2,C3
夜,1175,1175,9525,名詞,接尾,助数詞,*,*,*,夜,ヤ,ヤ,1/1,C3
夜,1175,1175,12001,名詞,接尾,助数詞,*,*,*,夜,ヨ,ヨ,1/1,C3
ぎみ,1171,1171,8250,名詞,接尾,一般,*,*,*,ぎみ,ギミ,ギミ,0/2,*
減,1171,1171,6641,名詞,接尾,一般,*,*,*,減,ゲン,ゲン,1/2,C3
米,1171,1171,5331,名詞,接尾,一般,*,*,*,米,マイ,マイ,2/2,C3
米,1171,1171,8868,名詞,接尾,一般,*,*,*,米,ゴメ,ゴメ,2/2,C3
Ｇ,1175,1175,11729,名詞,接尾,助数詞,*,*,*,Ｇ,ギガ,ギガ,0/2,*
課,1171,1171,6636,名詞,接尾,一般,*,*,*,課,カ,カ,1/1,C4
券,1171,1171,6795,名詞,接尾,一般,*,*,*,券,ケン,ケン,1/2,C3
賃,1171,1171,8025,名詞,接尾,一般,*,*,*,賃,チン,チン,0/2,C3
組,1175,1175,8578,名詞,接尾,助数詞,*,*,*,組,クミ,クミ,2/2,C4
差,1171,1171,5066,名詞,接尾,一般,*,*,*,差,サ,サ,0/1,C3
キロワット時,1175,1175,7916,名詞,接尾,助数詞,*,*,*,キロワット時,キロワットジ,キロワットジ,0/6,*
がわら,1171,1171,8622,名詞,接尾,一般,*,*,*,がわら,ガワラ,ガワラ,0/3,*
額,1171,1171,7932,名詞,接尾,一般,*,*,*,額,ガク,ガク,0/2,C2
損,1171,1171,7620,名詞,接尾,一般,*,*,*,損,ソン,ソン,1/2,C3
教,1171,1171,7596,名詞,接尾,一般,*,*,*,教,キョウ,キョー,0/2,C4
楽,1171,1171,7629,名詞,接尾,一般,*,*,*,楽,ラク,ラク,0/2,C3
肥え,1171,1171,6723,名詞,接尾,一般,*,*,*,肥え,ゴエ,ゴエ,0/2,*
採り,1171,1171,6419,名詞,接尾,一般,*,*,*,採り,トリ,トリ,0/2,*
増,1171,1171,5263,名詞,接尾,一般,*,*,*,増,ゾウ,ゾー,1/2,C3
日,1175,1175,9772,名詞,接尾,助数詞,*,*,*,日,ニチ,ニチ,0/1,C3
扱い,1171,1171,8956,名詞,接尾,一般,*,*,*,扱い,アツカイ,アツカイ,0/4,C2
体,1175,1175,9177,名詞,接尾,助数詞,*,*,*,体,タイ,タイ,0/2,C2
箇国,1175,1175,8054,名詞,接尾,助数詞,*,*,*,箇国,カコク,カコク,0/3,*
碑,1171,1171,6424,名詞,接尾,一般,*,*,*,碑,ヒ,ヒ,0/1,C3
史,1171,1171,6520,名詞,接尾,一般,*,*,*,史,シ,シ,1/1,C4
ヶ条,1175,1175,8055,名詞,接尾,助数詞,*,*,*,ヶ条,カジョウ,カジョー,0/4,*
ｋｔ,1175,1175,10454,名詞,接尾,助数詞,*,*,*,ｋｔ,キロトン,キロトン,0/4,*
シーン,1171,1171,9525,名詞,接尾,一般,*,*,*,シーン,シーン,シーン,1/3,C1
回分,1175,1175,7382,名詞,接尾,助数詞,*,*,*,回分,カイブン,カイブン,0/4,*
タル,1175,1175,8056,名詞,接尾,助数詞,*,*,*,タル,タル,タル,0/2,*
端,1171,1171,7859,名詞,接尾,一般,*,*,*,端,タン,タン,1/2,C1
端,1171,1171,7385,名詞,接尾,一般,*,*,*,端,バタ,バタ,1/2,C1
島,1176,1176,7726,名詞,接尾,地域,*,*,*,島,トウ,トー,2/2,C4
島,1176,1176,10056,名詞,接尾,地域,*,*,*,島,ジマ,ジマ,2/2,C4
ｇ,1175,1175,10487,名詞,接尾,助数詞,*,*,*,ｇ,グラム,グラム,0/3,*
没,1171,1171,6976,名詞,接尾,一般,*,*,*,没,ボツ,ボツ,1/2,C1
毛,1175,1175,8734,名詞,接尾,助数詞,*,*,*,毛,モウ,モー,0/2,C3
未遂,1171,1171,9194,名詞,接尾,一般,*,*,*,未遂,ミスイ,ミスイ,0/3,C2
道,1171,1171,8622,名詞,接尾,一般,*,*,*,道,ドウ,ドー,0/2,C3
橋,1175,1175,8333,名詞,接尾,助数詞,*,*,*,橋,キョウ,キョー,2/2,C3
塔,1171,1171,6170,名詞,接尾,一般,*,*,*,塔,トウ,トー,1/2,C3
切れ,1171,1171,7256,名詞,接尾,一般,*,*,*,切れ,ギレ,ギレ,2/2,C3
切れ,1171,1171,8893,名詞,接尾,一般,*,*,*,切れ,キレ,キレ,2/2,C3
開き,1171,1171,6504,名詞,接尾,一般,*,*,*,開き,ビラキ,ビラキ,3/3,C1
骨,1171,1171,7309,名詞,接尾,一般,*,*,*,骨,コツ,コツ,2/2,C3
骨,1171,1171,7095,名詞,接尾,一般,*,*,*,骨,ボネ,ボネ,2/2,C3
トライ,1175,1175,8053,名詞,接尾,助数詞,*,*,*,トライ,トライ,トライ,2/3,C1
切れ,1175,1175,10202,名詞,接尾,助数詞,*,*,*,切れ,キレ,キレ,2/2,C3
痕,1171,1171,6734,名詞,接尾,一般,*,*,*,痕,コン,コン,1/2,C3
使い,1171,1171,6505,名詞,接尾,一般,*,*,*,使い,ヅカイ,ズカイ,0/3,C2
待ち,1171,1171,6978,名詞,接尾,一般,*,*,*,待ち,マチ,マチ,2/2,C4
行,1176,1176,9806,名詞,接尾,地域,*,*,*,行,イキ,イキ,0/2,C3
行,1176,1176,9792,名詞,接尾,地域,*,*,*,行,ユキ,ユキ,0/2,C3
中,1173,1173,5157,名詞,接尾,副詞可能,*,*,*,中,チュウ,チュー,1/2,C4
中,1173,1173,7838,名詞,接尾,副詞可能,*,*,*,中,ジュウ,ジュー,1/2,C4
中,1173,1173,6687,名詞,接尾,副詞可能,*,*,*,中,ナカ,ナカ,1/2,C4
ルクス,1175,1175,8055,名詞,接尾,助数詞,*,*,*,ルクス,ルクス,ルクス,0/3,*
前後,1173,1173,6370,名詞,接尾,副詞可能,*,*,*,前後,ゼンコウ,ゼンコー,1/3,*
技,1171,1171,4943,名詞,接尾,一般,*,*,*,技,ワザ,ワザ,1/1,C4
技,1171,1171,6336,名詞,接尾,一般,*,*,*,技,ギ,ギ,1/1,C4
計,1171,1171,8250,名詞,接尾,一般,*,*,*,計,ケイ,ケイ,1/2,C3
価,1171,1171,8785,名詞,接尾,一般,*,*,*,価,カ,カ,0/1,C3
パスカル,1175,1175,8056,名詞,接尾,助数詞,*,*,*,パスカル,パスカル,パスカル,1/4,C1
敗,1175,1175,7929,名詞,接尾,助数詞,*,*,*,敗,ハイ,ハイ,1/2,C4
滴,1175,1175,8912,名詞,接尾,助数詞,*,*,*,滴,テキ,テキ,2/2,C3
亭,1171,1171,7529,名詞,接尾,一般,*,*,*,亭,テイ,テイ,1/2,C4
えん,1175,1175,10629,名詞,接尾,助数詞,*,*,*,えん,エン,エン,0/2,*
竿,1175,1175,8123,名詞,接尾,助数詞,*,*,*,竿,サオ,サオ,2/2,C3
府,1176,1176,9017,名詞,接尾,地域,*,*,*,府,フ,フ,1/1,C3
薄,1171,1171,6791,名詞,接尾,一般,*,*,*,薄,ウス,ウス,0/2,C2
枕,1171,1171,6479,名詞,接尾,一般,*,*,*,枕,マクラ,マクラ,1/3,C1
いっぱい,1173,1173,6673,名詞,接尾,副詞可能,*,*,*,いっぱい,イッパイ,イッパイ,1/4,C1
続き,1171,1171,8838,名詞,接尾,一般,*,*,*,続き,ツヅキ,ツズキ,0/3,C2
筋,1175,1175,10099,名詞,接尾,助数詞,*,*,*,筋,スジ,スジ,1/2,C4
オンス,1175,1175,8057,名詞,接尾,助数詞,*,*,*,オンス,オンス,オンス,1/3,C1
村,1176,1176,6875,名詞,接尾,地域,*,*,*,村,ムラ,ムラ,1/2,C4
村,1176,1176,10586,名詞,接尾,地域,*,*,*,村,ソン,ソン,1/2,C4
社,1171,1171,8192,名詞,接尾,一般,*,*,*,社,シャ,シャ,1/1,C3
巡,1175,1175,8433,名詞,接尾,助数詞,*,*,*,巡,ジュン,ジュン,0/3,*
ＤＯ,1175,1175,10897,名詞,接尾,助数詞,*,*,*,ＤＯ,ディーオー,ディーオー,0/5,*
瓶,1175,1175,8724,名詞,接尾,助数詞,*,*,*,瓶,ビン,ビン,1/2,C3
嫌い,1171,1171,7069,名詞,接尾,一般,*,*,*,嫌い,ギライ,ギライ,0/3,C1
職,1171,1171,8104,名詞,接尾,一般,*,*,*,職,ショク,ショク,0/2,C3
塗り,1171,1171,5773,名詞,接尾,一般,*,*,*,塗り,ヌリ,ヌリ,0/2,C4
がかり,1171,1171,8541,名詞,接尾,一般,*,*,*,がかり,ガカリ,ガカリ,0/3,*
年度,1175,1175,6977,名詞,接尾,助数詞,*,*,*,年度,ネンド,ネンド,1/3,C1
気,1177,1177,6044,名詞,接尾,形容動詞語幹,*,*,*,気,ゲ,ゲ,0/1,C3
シンガポールドル,1175,1175,5346,名詞,接尾,助数詞,*,*,*,シンガポールドル,シンガポールドル,シンガポールドル,0/8,*
メガ,1175,1175,8708,名詞,接尾,助数詞,*,*,*,メガ,メガ,メガ,1/2,C1
束,1175,1175,8262,名詞,接尾,助数詞,*,*,*,束,タバ,タバ,1/2,C3
峠,1171,1171,6118,名詞,接尾,一般,*,*,*,峠,トウゲ,トーゲ,3/3,C2
樹,1171,1171,5246,名詞,接尾,一般,*,*,*,樹,ジュ,ジュ,1/1,C3
域,1171,1171,7703,名詞,接尾,一般,*,*,*,域,イキ,イキ,0/2,*
答,1175,1175,7058,名詞,接尾,助数詞,*,*,*,答,トウ,トー,2/2,C2
米,1175,1175,10611,名詞,接尾,助数詞,*,*,*,米,メートル,メートル,2/4,C3
報,1171,1171,7693,名詞,接尾,一般,*,*,*,報,ホウ,ホー,1/2,C3
番,1171,1171,8150,名詞,接尾,一般,*,*,*,番,バン,バン,1/2,C3
ウオン,1175,1175,8054,名詞,接尾,助数詞,*,*,*,ウオン,ウオン,ウオン,0/3,*
以遠,1171,1171,6363,名詞,接尾,一般,*,*,*,以遠,イエン,イエン,0/3,*
ｍＷ,1175,1175,10463,名詞,接尾,助数詞,*,*,*,ｍＷ,ミリワット,ミリワット,0/5,*
役,1175,1175,8904,名詞,接尾,助数詞,*,*,*,役,ヤク,ヤク,2/2,C3
元,1175,1175,8399,名詞,接尾,助数詞,*,*,*,元,ゲン,ゲン,1/2,C4
打,1175,1175,10129,名詞,接尾,助数詞,*,*,*,打,ダ,ダ,0/1,C3
盛り,1171,1171,6631,名詞,接尾,一般,*,*,*,盛り,ザカリ,ザカリ,0/3,C3
盛り,1171,1171,7352,名詞,接尾,一般,*,*,*,盛り,モリ,モリ,0/3,C3
たたき,1171,1171,11211,名詞,接尾,一般,*,*,*,たたき,タタキ,タタキ,3/3,C2
ＧＢ,1175,1175,10465,名詞,接尾,助数詞,*,*,*,ＧＢ,ギガバイト,ギガバイト,0/5,*
ぶろ,1171,1171,6109,名詞,接尾,一般,*,*,*,ぶろ,ブロ,ブロ,1/2,C1
ぞい,1171,1171,8340,名詞,接尾,一般,*,*,*,ぞい,ゾイ,ゾイ,0/2,*
Ｍヘルツ,1175,1175,10452,名詞,接尾,助数詞,*,*,*,Ｍヘルツ,メガヘルツ,メガヘルツ,0/5,*
ルーブル,1175,1175,8320,名詞,接尾,助数詞,*,*,*,ルーブル,ルーブル,ルーブル,1/4,C1
次元,1175,1175,7332,名詞,接尾,助数詞,*,*,*,次元,ジゲン,ジゲン,0/3,C2
すぎ,1173,1173,6594,名詞,接尾,副詞可能,*,*,*,すぎ,スギ,スギ,2/2,C4
省,1171,1171,8773,名詞,接尾,一般,*,*,*,省,ショウ,ショー,1/2,C3
リッター,1175,1175,8066,名詞,接尾,助数詞,*,*,*,リッター,リッター,リッター,1/4,C1
寸,1175,1175,9162,名詞,接尾,助数詞,*,*,*,寸,スン,スン,1/2,C3
刷り,1171,1171,5781,名詞,接尾,一般,*,*,*,刷り,ズリ,ズリ,2/2,C4
格,1171,1171,8922,名詞,接尾,一般,*,*,*,格,カク,カク,0/2,C3
周年,1175,1175,7747,名詞,接尾,助数詞,*,*,*,周年,シュウネン,シューネン,0/5,*
朝,1171,1171,9621,名詞,接尾,一般,*,*,*,朝,チョウ,チョー,1/2,C3
勺,1175,1175,7885,名詞,接尾,助数詞,*,*,*,勺,シャク,シャク,1/2,C3
だらけ,1171,1171,8214,名詞,接尾,一般,*,*,*,だらけ,ダラケ,ダラケ,0/3,*
がち,1177,1177,7211,名詞,接尾,形容動詞語幹,*,*,*,がち,ガチ,ガチ,0/2,*
リラ,1175,1175,8060,名詞,接尾,助数詞,*,*,*,リラ,リラ,リラ,1/2,C1
様,1172,1172,5563,名詞,接尾,人名,*,*,*,様,サマ,サマ,2/2,C5
あまり,1171,1171,7275,名詞,接尾,一般,*,*,*,あまり,アマリ,アマリ,1/3,C1
槽,1171,1171,6371,名詞,接尾,一般,*,*,*,槽,ソウ,ソー,0/2,C3
チャン,1172,1172,6614,名詞,接尾,人名,*,*,*,チャン,チャン,チャン,1/2,C5
平方キロメートル,1175,1175,8106,名詞,接尾,助数詞,*,*,*,平方キロメートル,ヘイホウキロメートル,ヘイホーキロメートル,7/10,C1
筋,1171,1171,7756,名詞,接尾,一般,*,*,*,筋,スジ,スジ,1/2,C4
筋,1171,1171,7187,名詞,接尾,一般,*,*,*,筋,キン,キン,1/2,C4
子,1171,1171,8346,名詞,接尾,一般,*,*,*,子,コ,コ,0/1,C4
漏れ,1171,1171,5188,名詞,接尾,一般,*,*,*,漏れ,モレ,モレ,2/2,C4
買い,1171,1171,8122,名詞,接尾,一般,*,*,*,買い,カイ,カイ,0/2,C4
買い,1171,1171,8480,名詞,接尾,一般,*,*,*,買い,ガイ,ガイ,0/2,C4
構え,1171,1171,4686,名詞,接尾,一般,*,*,*,構え,ガマエ,ガマエ,2/3,C1
ＣＣ,1175,1175,14309,名詞,接尾,助数詞,*,*,*,ＣＣ,シーシー,シーシー,0/4,*
軒,1175,1175,6953,名詞,接尾,助数詞,*,*,*,軒,ケン,ケン,0/2,C3
権,1171,1171,7063,名詞,接尾,一般,*,*,*,権,ケン,ケン,1/2,C3
楼,1171,1171,6690,名詞,接尾,一般,*,*,*,楼,ロウ,ロー,0/2,*
派,1171,1171,7199,名詞,接尾,一般,*,*,*,派,ハ,ハ,1/1,C4
級,1175,1175,10346,名詞,接尾,助数詞,*,*,*,級,キュウ,キュー,1/2,C3
ｋバイト,1175,1175,10463,名詞,接尾,助数詞,*,*,*,ｋバイト,キロバイト,キロバイト,0/5,*
ケタ,1175,1175,7637,名詞,接尾,助数詞,*,*,*,ケタ,ケタ,ケタ,0/2,C3
初,1171,1171,8218,名詞,接尾,一般,*,*,*,初,ハツ,ハツ,1/2,C4
神,1171,1171,7273,名詞,接尾,一般,*,*,*,神,シン,シン,1/2,C3
唄,1171,1171,5395,名詞,接尾,一般,*,*,*,唄,ウタ,ウタ,2/2,C3
給,1171,1171,7453,名詞,接尾,一般,*,*,*,給,キュウ,キュー,1/2,C3
課,1175,1175,8198,名詞,接尾,助数詞,*,*,*,課,カ,カ,1/1,C4
芸,1171,1171,7855,名詞,接尾,一般,*,*,*,芸,ゲイ,ゲイ,1/2,C3
能,1171,1171,9776,名詞,接尾,一般,*,*,*,能,ノウ,ノー,0/2,C3
バッグ,1175,1175,8019,名詞,接尾,助数詞,*,*,*,バッグ,バッグ,バッグ,1/3,C1
品,1175,1175,9840,名詞,接尾,助数詞,*,*,*,品,ヒン,ヒン,0/2,C3
品,1175,1175,10878,名詞,接尾,助数詞,*,*,*,品,シナ,シナ,0/2,C3
酔い,1171,1171,6953,名詞,接尾,一般,*,*,*,酔い,ヨイ,ヨイ,2/2,C4
程度,1171,1171,5992,名詞,接尾,一般,*,*,*,程度,テイド,テイド,0/3,C2
語,1175,1175,10215,名詞,接尾,助数詞,*,*,*,語,ゴ,ゴ,1/1,C3
号機,1175,1175,8082,名詞,接尾,助数詞,*,*,*,号機,ゴウキ,ゴーキ,0/3,*
末,1173,1173,4137,名詞,接尾,副詞可能,*,*,*,末,マツ,マツ,0/2,C4
末,1173,1173,6596,名詞,接尾,副詞可能,*,*,*,末,スエ,スエ,0/2,C4
上,1173,1173,6120,名詞,接尾,副詞可能,*,*,*,上,ジョウ,ジョー,0/2,C4
行き,1176,1176,5753,名詞,接尾,地域,*,*,*,行き,イキ,イキ,0/2,C3
行き,1176,1176,7737,名詞,接尾,地域,*,*,*,行き,ユキ,ユキ,0/2,C3
刑,1171,1171,8022,名詞,接尾,一般,*,*,*,刑,ケイ,ケイ,1/2,C3
策,1171,1171,7480,名詞,接尾,一般,*,*,*,策,サク,サク,1/2,C3
下げ,1171,1171,7270,名詞,接尾,一般,*,*,*,下げ,サゲ,サゲ,2/2,C4
つき,1171,1171,8232,名詞,接尾,一般,*,*,*,つき,ツキ,ツキ,2/2,C4
デー,1171,1171,8369,名詞,接尾,一般,*,*,*,デー,デー,デー,1/2,C3
ｋｇ,1175,1175,10458,名詞,接尾,助数詞,*,*,*,ｋｇ,キログラム,キログラム,0/5,*
代目,1175,1175,7896,名詞,接尾,助数詞,*,*,*,代目,ダイメ,ダイメ,0/3,*
カラット,1175,1175,7904,名詞,接尾,助数詞,*,*,*,カラット,カラット,カラット,0/4,*
ｋヘルツ,1175,1175,10463,名詞,接尾,助数詞,*,*,*,ｋヘルツ,キロヘルツ,キロヘルツ,0/5,*
あたり,1171,1171,7598,名詞,接尾,一般,*,*,*,あたり,アタリ,アタリ,1/3,C1
帽,1171,1171,6472,名詞,接尾,一般,*,*,*,帽,ボウ,ボー,0/2,*
汁,1171,1171,6221,名詞,接尾,一般,*,*,*,汁,ジル,ジル,1/2,C3
以後,1173,1173,5449,名詞,接尾,副詞可能,*,*,*,以後,イゴ,イゴ,0/2,*
向き,1171,1171,6768,名詞,接尾,一般,*,*,*,向き,ムキ,ムキ,1/2,C4
選び,1171,1171,8779,名詞,接尾,一般,*,*,*,選び,エラビ,エラビ,0/3,C1
ごと,1171,1171,7979,名詞,接尾,一般,*,*,*,ごと,ゴト,ゴト,0/2,C4
ビット,1175,1175,7955,名詞,接尾,助数詞,*,*,*,ビット,ビット,ビット,1/3,C1
キロトン,1175,1175,7971,名詞,接尾,助数詞,*,*,*,キロトン,キロトン,キロトン,0/4,*
画,1175,1175,10449,名詞,接尾,助数詞,*,*,*,画,カク,カク,2/2,C4
番,1175,1175,9231,名詞,接尾,助数詞,*,*,*,番,バン,バン,1/2,C3
じまい,1171,1171,8490,名詞,接尾,一般,*,*,*,じまい,ジマイ,ジマイ,1/3,C1
練り,1171,1171,6308,名詞,接尾,一般,*,*,*,練り,ネリ,ネリ,2/2,C4
棺,1171,1171,7529,名詞,接尾,一般,*,*,*,棺,カン,カン,1/2,C4
略,1171,1171,7086,名詞,接尾,一般,*,*,*,略,リャク,リャク,1/2,C4
ダーハム,1175,1175,8055,名詞,接尾,助数詞,*,*,*,ダーハム,ダーハム,ダーハム,1/4,C1
個国,1175,1175,8054,名詞,接尾,助数詞,*,*,*,個国,カコク,カコク,0/3,*
替わり,1171,1171,6748,名詞,接尾,一般,*,*,*,替わり,ガワリ,ガワリ,1/3,C1
年余,1175,1175,6637,名詞,接尾,助数詞,*,*,*,年余,ネンヨ,ネンヨ,1/3,C2
年余,1175,1175,8707,名詞,接尾,助数詞,*,*,*,年余,ネンアマリ,ネンアマリ,1/3,C2
ところ,1175,1175,10568,名詞,接尾,助数詞,*,*,*,ところ,トコロ,トコロ,0/3,C2
所,1171,1171,8077,名詞,接尾,一般,*,*,*,所,ショ,ショ,0/3,C2
所,1171,1171,8342,名詞,接尾,一般,*,*,*,所,ジョ,ジョ,0/3,C2
びな,1171,1171,8625,名詞,接尾,一般,*,*,*,びな,ビナ,ビナ,0/2,*
金,1175,1175,12036,名詞,接尾,助数詞,*,*,*,金,キン,キン,1/2,C3
値,1171,1171,7935,名詞,接尾,一般,*,*,*,値,チ,チ,0/1,C2
値,1171,1171,10156,名詞,接尾,一般,*,*,*,値,ネ,ネ,0/1,C2
通,1175,1175,7161,名詞,接尾,助数詞,*,*,*,通,ツウ,ツー,1/2,C3
席,1175,1175,8937,名詞,接尾,助数詞,*,*,*,席,セキ,セキ,1/2,C3
ヶ月,1175,1175,8311,名詞,接尾,助数詞,*,*,*,ヶ月,カゲツ,カゲツ,0/3,*
方,1178,1178,7728,名詞,接尾,特殊,*,*,*,方,カタ,カタ,1/2,C3
箇条,1175,1175,8126,名詞,接尾,助数詞,*,*,*,箇条,カジョウ,カジョー,0/3,C1
したて,1171,1171,8333,名詞,接尾,一般,*,*,*,したて,シタテ,シタテ,1/3,C1
騒ぎ,1171,1171,9029,名詞,接尾,一般,*,*,*,騒ぎ,サワギ,サワギ,1/3,C1
ｐｐｍ,1175,1175,10354,名詞,接尾,助数詞,*,*,*,ｐｐｍ,ピーピーエム,ピーピーエム,0/6,*
小,1171,1171,7196,名詞,接尾,一般,*,*,*,小,ショウ,ショー,1/2,C3
山,1176,1176,10297,名詞,接尾,地域,*,*,*,山,サン,サン,2/2,C3
列,1175,1175,11652,名詞,接尾,助数詞,*,*,*,列,レツ,レツ,1/2,C3
ケ所,1175,1175,8209,名詞,接尾,助数詞,*,*,*,ケ所,カショ,カショ,0/3,*
両,1175,1175,8983,名詞,接尾,助数詞,*,*,*,両,リョウ,リョー,1/2,C3
詰め,1171,1171,6850,名詞,接尾,一般,*,*,*,詰め,ヅメ,ズメ,2/2,C4
群,1171,1171,3753,名詞,接尾,一般,*,*,*,群,グン,グン,1/2,C3
海,1176,1176,10868,名詞,接尾,地域,*,*,*,海,カイ,カイ,1/2,C3
おこし,1171,1171,10400,名詞,接尾,一般,*,*,*,おこし,オコシ,オコシ,1/3,C1
オーム,1175,1175,8055,名詞,接尾,助数詞,*,*,*,オーム,オーム,オーム,1/3,C1
官,1171,1171,7145,名詞,接尾,一般,*,*,*,官,カン,カン,1/2,C3
カ店,1175,1175,8128,名詞,接尾,助数詞,*,*,*,カ店,カテン,カテン,0/3,*
カ国,1175,1175,7467,名詞,接尾,助数詞,*,*,*,カ国,カコク,カコク,0/3,*
俵,1175,1175,8634,名詞,接尾,助数詞,*,*,*,俵,ヒョウ,ヒョー,1/2,C3
園,1171,1171,7930,名詞,接尾,一般,*,*,*,園,エン,エン,1/2,C3
以南,1171,1171,7509,名詞,接尾,一般,*,*,*,以南,イナン,イナン,0/3,*
なかば,1171,1171,8651,名詞,接尾,一般,*,*,*,なかば,ナカバ,ナカバ,0/3,*
製,1171,1171,5079,名詞,接尾,一般,*,*,*,製,セイ,セイ,1/2,C4
藩,1171,1171,8222,名詞,接尾,一般,*,*,*,藩,ハン,ハン,1/2,C3
立方メートル,1175,1175,8124,名詞,接尾,助数詞,*,*,*,立方メートル,リッポウメートル,リッポーメートル,0/8,*
法,1171,1171,7359,名詞,接尾,一般,*,*,*,法,ホウ,ホー,0/2,C3
陵,1171,1171,7998,名詞,接尾,一般,*,*,*,陵,リョウ,リョウ,0/2,C3
医,1171,1171,7321,名詞,接尾,一般,*,*,*,医,イ,イ,1/1,C3
センチメートル,1175,1175,8055,名詞,接尾,助数詞,*,*,*,センチメートル,センチメートル,センチメートル,0/7,*
獅子,1171,1171,5760,名詞,接尾,一般,*,*,*,獅子,ジシ,ジシ,1/2,C3
分木,1175,1175,8126,名詞,接尾,助数詞,*,*,*,分木,ブンギ,ブンギ,0/3,C2
がま,1171,1171,9944,名詞,接尾,一般,*,*,*,がま,ガマ,ガマ,0/2,C4
石,1171,1171,6032,名詞,接尾,一般,*,*,*,石,セキ,セキ,2/2,C3
石,1171,1171,9034,名詞,接尾,一般,*,*,*,石,イシ,イシ,2/2,C3
ビレ,1171,1171,8070,名詞,接尾,一般,*,*,*,ビレ,ビレ,ビレ,0/2,C4
葉,1175,1175,9715,名詞,接尾,助数詞,*,*,*,葉,ヨウ,ヨー,0/2,C3
分目,1175,1175,10325,名詞,接尾,助数詞,*,*,*,分目,フンメ,フンメ,0/3,C2
個年,1175,1175,8126,名詞,接尾,助数詞,*,*,*,個年,カネン,カネン,0/3,*
号証,1175,1175,8126,名詞,接尾,助数詞,*,*,*,号証,ゴウショウ,ゴーショー,0/5,*
虫,1171,1171,7458,名詞,接尾,一般,*,*,*,虫,チュウ,チュー,0/2,C3
けた,1175,1175,10593,名詞,接尾,助数詞,*,*,*,けた,ケタ,ケタ,0/2,C3
掘り,1171,1171,9205,名詞,接尾,一般,*,*,*,掘り,ホリ,ホリ,0/2,C3
厘,1175,1175,8843,名詞,接尾,助数詞,*,*,*,厘,リン,リン,1/2,C3
時半,1175,1175,10769,名詞,接尾,助数詞,*,*,*,時半,ジハン,ジハン,0/3,*
粍,1175,1175,8126,名詞,接尾,助数詞,*,*,*,粍,ミリメートル,ミリメートル,0/6,*
びれ,1171,1171,8712,名詞,接尾,一般,*,*,*,びれ,ビレ,ビレ,0/2,C4
殿,1172,1172,6319,名詞,接尾,人名,*,*,*,殿,ドノ,ドノ,0/2,C5
順,1171,1171,7221,名詞,接尾,一般,*,*,*,順,ジュン,ジュン,0/2,C4
ｋｌ,1175,1175,10432,名詞,接尾,助数詞,*,*,*,ｋｌ,キロリットル,キロリットル,0/6,*
札,1171,1171,8014,名詞,接尾,一般,*,*,*,札,サツ,サツ,0/2,C3
年,1171,1171,7437,名詞,接尾,一般,*,*,*,年,ネン,ネン,2/2,C4
年,1171,1171,8810,名詞,接尾,一般,*,*,*,年,トシ,トシ,2/2,C4
ヵ村,1175,1175,8055,名詞,接尾,助数詞,*,*,*,ヵ村,カソン,カソン,0/3,*
辺,1175,1175,8946,名詞,接尾,助数詞,*,*,*,辺,ヘン,ヘン,0/2,C3
増し,1171,1171,7548,名詞,接尾,一般,*,*,*,増し,マシ,マシ,0/2,C4
路,1171,1171,7389,名詞,接尾,一般,*,*,*,路,ロ,ロ,0/1,C3
路,1171,1171,8951,名詞,接尾,一般,*,*,*,路,ジ,ジ,0/1,C3
食,1175,1175,8189,名詞,接尾,助数詞,*,*,*,食,ショク,ショク,1/2,C3
余,1171,1171,5821,名詞,接尾,一般,*,*,*,余,ヨ,ヨ,1/3,C3
余,1171,1171,5415,名詞,接尾,一般,*,*,*,余,アマリ,アマリ,1/3,C3
済み,1171,1171,6266,名詞,接尾,一般,*,*,*,済み,ズミ,ズミ,2/2,C3
ケース,1175,1175,8101,名詞,接尾,助数詞,*,*,*,ケース,ケース,ケース,1/3,C1
か国,1175,1175,10519,名詞,接尾,助数詞,*,*,*,か国,カコク,カコク,0/3,*
平方メートル,1175,1175,6658,名詞,接尾,助数詞,*,*,*,平方メートル,ヘイホウメートル,ヘイホーメートル,0/8,*
旗,1171,1171,7514,名詞,接尾,一般,*,*,*,旗,キ,キ,1/1,C3
駅,1176,1176,6299,名詞,接尾,地域,*,*,*,駅,エキ,エキ,1/2,C3
周,1175,1175,10043,名詞,接尾,助数詞,*,*,*,周,シュウ,シュー,1/2,C4
論,1171,1171,5409,名詞,接尾,一般,*,*,*,論,ロン,ロン,1/2,C3
ｍｌ,1175,1175,10445,名詞,接尾,助数詞,*,*,*,ｍｌ,ミリリットル,ミリリットル,0/6,*
マルカ,1175,1175,8165,名詞,接尾,助数詞,*,*,*,マルカ,マルカ,マルカ,1/3,C1
転,1175,1175,9893,名詞,接尾,助数詞,*,*,*,転,テン,テン,1/2,C4
マイル,1175,1175,8056,名詞,接尾,助数詞,*,*,*,マイル,マイル,マイル,1/3,C1
エクスード,1175,1175,8055,名詞,接尾,助数詞,*,*,*,エクスード,エクスード,エクスード,3/5,C1
間,1171,1171,7400,名詞,接尾,一般,*,*,*,間,カン,カン,1/2,C2
安,1171,1171,7482,名詞,接尾,一般,*,*,*,安,ヤス,ヤス,0/2,C3
弁,1171,1171,6987,名詞,接尾,一般,*,*,*,弁,ベン,ベン,1/2,C4
親等,1175,1175,7934,名詞,接尾,助数詞,*,*,*,親等,シントウ,シントー,0/4,C1
食,1171,1171,6915,名詞,接尾,一般,*,*,*,食,ショク,ショク,1/2,C3
ドル,1175,1175,7694,名詞,接尾,助数詞,*,*,*,ドル,ドル,ドル,1/2,C3
ほど,1171,1171,10376,名詞,接尾,一般,*,*,*,ほど,ホド,ホド,0/2,C3
分間,1175,1175,7494,名詞,接尾,助数詞,*,*,*,分間,フンカン,フンカン,0/4,*
っぱなし,1171,1171,8550,名詞,接尾,一般,*,*,*,っぱなし,ッパナシ,ッパナシ,0/4,*
峰,1171,1171,7774,名詞,接尾,一般,*,*,*,峰,ホウ,ホー,1/2,C3
句,1171,1171,7591,名詞,接尾,一般,*,*,*,句,ク,ク,1/1,C3
釣り,1171,1171,7075,名詞,接尾,一般,*,*,*,釣り,ヅリ,ズリ,0/2,C3
っ子,1171,1171,9357,名詞,接尾,一般,*,*,*,っ子,ッコ,ッコ,0/2,*
辺,1173,1173,6525,名詞,接尾,副詞可能,*,*,*,辺,アタリ,アタリ,1/3,C3
光年,1175,1175,8613,名詞,接尾,助数詞,*,*,*,光年,コウネン,コーネン,1/4,C1
色,1171,1171,5684,名詞,接尾,一般,*,*,*,色,ショク,ショク,2/2,C4
色,1171,1171,5594,名詞,接尾,一般,*,*,*,色,イロ,イロ,2/2,C4
審,1171,1171,6731,名詞,接尾,一般,*,*,*,審,シン,シン,0/2,C3
漬け,1171,1171,5865,名詞,接尾,一般,*,*,*,漬け,ヅケ,ズケ,0/2,C4
艘,1175,1175,7844,名詞,接尾,助数詞,*,*,*,艘,ソウ,ソー,0/2,*
以西,1171,1171,7253,名詞,接尾,一般,*,*,*,以西,イセイ,イセイ,1/3,C1
分,1171,1171,4714,名詞,接尾,一般,*,*,*,分,ブン,ブン,1/2,C3
手,1171,1171,7766,名詞,接尾,一般,*,*,*,手,シュ,シュ,1/1,C3
手,1171,1171,9032,名詞,接尾,一般,*,*,*,手,テ,テ,1/1,C3
未満,1171,1171,5658,名詞,接尾,一般,*,*,*,未満,ミマン,ミマン,0/3,*
ごっこ,1171,1171,8632,名詞,接尾,一般,*,*,*,ごっこ,ゴッコ,ゴッコ,0/3,*
まがい,1171,1171,8619,名詞,接尾,一般,*,*,*,まがい,マガイ,マガイ,1/3,C1
軸,1171,1171,7817,名詞,接尾,一般,*,*,*,軸,ジク,ジク,2/2,C3
張り,1171,1171,8396,名詞,接尾,一般,*,*,*,張り,バリ,バリ,0/2,C3
穴,1171,1171,8419,名詞,接尾,一般,*,*,*,穴,アナ,アナ,2/2,C4
明け,1171,1171,4633,名詞,接尾,一般,*,*,*,明け,アケ,アケ,0/2,C4
党,1171,1171,10061,名詞,接尾,一般,*,*,*,党,トウ,トー,1/2,C3
組,1171,1171,6843,名詞,接尾,一般,*,*,*,組,グミ,グミ,2/2,C4
組,1171,1171,9014,名詞,接尾,一般,*,*,*,組,クミ,クミ,2/2,C4
局,1171,1171,6393,名詞,接尾,一般,*,*,*,局,キョク,キョク,1/2,C3
誌,1171,1171,7432,名詞,接尾,一般,*,*,*,誌,シ,シ,0/1,C3
体,1171,1171,7592,名詞,接尾,一般,*,*,*,体,タイ,タイ,0/2,C2
腺,1171,1171,7289,名詞,接尾,一般,*,*,*,腺,セン,セン,1/2,C4
スクレ,1175,1175,8055,名詞,接尾,助数詞,*,*,*,スクレ,スクレ,スクレ,2/3,C1
期,1171,1171,7839,名詞,接尾,一般,*,*,*,期,キ,キ,1/1,C3
か条,1175,1175,10590,名詞,接尾,助数詞,*,*,*,か条,カジョウ,カジョー,0/4,*
心,1171,1171,7449,名詞,接尾,一般,*,*,*,心,シン,シン,2/3,C1
心,1171,1171,8198,名詞,接尾,一般,*,*,*,心,ゴコロ,ゴコロ,2/3,C1
心,1171,1171,11074,名詞,接尾,一般,*,*,*,心,ココロ,ココロ,2/3,C1
状,1171,1171,6446,名詞,接尾,一般,*,*,*,状,ジョウ,ジョー,1/2,C4
％,1175,1175,6518,名詞,接尾,助数詞,*,*,*,％,パーセント,パーセント,0/5,*
そ,1174,1174,9788,名詞,接尾,助動詞語幹,*,*,*,そ,ソ,ソ,1/1,*
品,1171,1171,8312,名詞,接尾,一般,*,*,*,品,ヒン,ヒン,0/2,C3
品,1171,1171,11564,名詞,接尾,一般,*,*,*,品,ピン,ピン,0/2,C3
付近,1171,1171,9265,名詞,接尾,一般,*,*,*,付近,フキン,フキン,1/3,C1
編,1171,1171,6479,名詞,接尾,一般,*,*,*,編,ヘン,ヘン,1/2,C3
みち,1171,1171,7716,名詞,接尾,一般,*,*,*,みち,ミチ,ミチ,0/2,C4
哩,1175,1175,8126,名詞,接尾,助数詞,*,*,*,哩,マイル,マイル,0/3,*
薄,1177,1177,6052,名詞,接尾,形容動詞語幹,*,*,*,薄,ウス,ウス,0/2,C2
紙,1171,1171,6696,名詞,接尾,一般,*,*,*,紙,シ,シ,2/2,C3
ＳＤＲ,1175,1175,10364,名詞,接尾,助数詞,*,*,*,ＳＤＲ,エスディーアール,エスディーアール,0/8,*
ずみ,1171,1171,8619,名詞,接尾,一般,*,*,*,ずみ,ズミ,ズミ,0/2,*
まわり,1175,1175,10342,名詞,接尾,助数詞,*,*,*,まわり,マワリ,マワリ,0/3,C2
絡み,1171,1171,7263,名詞,接尾,一般,*,*,*,絡み,ガラミ,ガラミ,3/3,C1
尾,1175,1175,9957,名詞,接尾,助数詞,*,*,*,尾,ビ,ビ,1/1,C3
界,1171,1171,7210,名詞,接尾,一般,*,*,*,界,カイ,カイ,0/2,C3
羽,1171,1171,6083,名詞,接尾,一般,*,*,*,羽,ワ,ワ,0/1,C3
位,1175,1175,7274,名詞,接尾,助数詞,*,*,*,位,イ,イ,0/1,C2
字詰め,1175,1175,8115,名詞,接尾,助数詞,*,*,*,字詰め,ジヅメ,ジズメ,0/3,*
まみれ,1171,1171,8456,名詞,接尾,一般,*,*,*,まみれ,マミレ,マミレ,0/3,*
駐,1171,1171,7314,名詞,接尾,一般,*,*,*,駐,チュウ,チュー,0/3,*
具,1171,1171,5712,名詞,接尾,一般,*,*,*,具,グ,グ,0/1,C3
伝,1171,1171,7677,名詞,接尾,一般,*,*,*,伝,デン,デン,2/2,C3
ゆえ,1171,1171,8035,名詞,接尾,一般,*,*,*,ゆえ,ユエ,ユエ,0/2,*
ディーケー,1175,1175,8055,名詞,接尾,助数詞,*,*,*,ディーケー,ディーケー,ディーケイ,0/5,*
ペソ,1175,1175,8045,名詞,接尾,助数詞,*,*,*,ペソ,ペソ,ペソ,1/2,C1
網,1171,1171,5026,名詞,接尾,一般,*,*,*,網,モウ,モー,2/2,C3
ちん,1172,1172,7188,名詞,接尾,人名,*,*,*,ちん,チン,チン,0/2,*
さん,1172,1172,7158,名詞,接尾,人名,*,*,*,さん,サン,サン,0/2,-1
局,1175,1175,8281,名詞,接尾,助数詞,*,*,*,局,キョク,キョク,1/2,C3
貫目,1175,1175,8126,名詞,接尾,助数詞,*,*,*,貫目,カンメ,カンメ,3/3,C2
知らず,1171,1171,7043,名詞,接尾,一般,*,*,*,知らず,シラズ,シラズ,0/3,*
ちゃん,1172,1172,8065,名詞,接尾,人名,*,*,*,ちゃん,チャン,チャン,0/2,-1
評,1171,1171,7604,名詞,接尾,一般,*,*,*,評,ヒョウ,ヒョー,0/2,C3
相,1171,1171,8698,名詞,接尾,一般,*,*,*,相,ショウ,ショー,1/2,C3
個,1175,1175,7970,名詞,接尾,助数詞,*,*,*,個,コ,コ,1/1,-1
弾,1171,1171,5647,名詞,接尾,一般,*,*,*,弾,ダン,ダン,0/2,C3
内,1175,1175,8857,名詞,接尾,助数詞,*,*,*,内,ナイ,ナイ,0/2,C3
軍,1171,1171,6763,名詞,接尾,一般,*,*,*,軍,グン,グン,1/2,C3
可,1171,1171,7524,名詞,接尾,一般,*,*,*,可,カ,カ,1/1,C4
火,1171,1171,7896,名詞,接尾,一般,*,*,*,火,ヒ,ヒ,1/1,C4
室,1175,1175,8923,名詞,接尾,助数詞,*,*,*,室,シツ,シツ,2/2,C3
獣,1171,1171,2883,名詞,接尾,一般,*,*,*,獣,ジュウ,ジュウ,0/2,C4
しだい,1171,1171,5556,名詞,接尾,一般,*,*,*,しだい,シダイ,シダイ,0/3,*
陣,1175,1175,8262,名詞,接尾,助数詞,*,*,*,陣,ジン,ジン,1/2,C4
かげ,1171,1171,8332,名詞,接尾,一般,*,*,*,かげ,カゲ,カゲ,1/2,C4
合わせ,1171,1171,8362,名詞,接尾,一般,*,*,*,合わせ,アワセ,アワセ,0/3,C2
駄,1175,1175,8600,名詞,接尾,助数詞,*,*,*,駄,ダ,ダ,1/1,*
噸,1175,1175,8413,名詞,接尾,助数詞,*,*,*,噸,トン,トン,1/2,C3
着,1171,1171,5415,名詞,接尾,一般,*,*,*,着,ギ,ギ,1/2,C3
着,1171,1171,6730,名詞,接尾,一般,*,*,*,着,チャク,チャク,1/2,C3
間,1175,1175,9972,名詞,接尾,助数詞,*,*,*,間,ケン,ケン,1/2,C2
じゅう,1173,1173,7653,名詞,接尾,副詞可能,*,*,*,じゅう,ジュウ,ジュー,1/2,C4
分,1175,1175,9438,名詞,接尾,助数詞,*,*,*,分,フン,フン,1/1,C3
分,1175,1175,11555,名詞,接尾,助数詞,*,*,*,分,ブ,ブ,1/1,C3
数,1171,1171,6974,名詞,接尾,一般,*,*,*,数,スウ,スー,1/2,C3
季,1175,1175,10667,名詞,接尾,助数詞,*,*,*,季,キ,キ,1/1,C3
書,1171,1171,7156,名詞,接尾,一般,*,*,*,書,ショ,ショ,1/2,C4
鍋,1171,1171,8407,名詞,接尾,一般,*,*,*,鍋,ナベ,ナベ,1/2,C3
長,1171,1171,7567,名詞,接尾,一般,*,*,*,長,チョウ,チョー,1/2,C3
ページ,1175,1175,7475,名詞,接尾,助数詞,*,*,*,ページ,ページ,ページ,0/3,C2
行,1175,1175,10051,名詞,接尾,助数詞,*,*,*,行,コウ,コー,1/2,C3
行,1175,1175,9697,名詞,接尾,助数詞,*,*,*,行,ギョウ,ギョー,1/2,C3
メガビット,1175,1175,8029,名詞,接尾,助数詞,*,*,*,メガビット,メガビット,メガビット,0/5,*
テラ,1175,1175,8112,名詞,接尾,助数詞,*,*,*,テラ,テラ,テラ,1/2,C1
共,1171,1171,7892,名詞,接尾,一般,*,*,*,共,トモ,トモ,0/2,C3
共,1171,1171,9235,名詞,接尾,一般,*,*,*,共,ドモ,ドモ,0/2,C3
焼,1171,1171,6763,名詞,接尾,一般,*,*,*,焼,ショウ,ショー,1/2,C4
ホン,1175,1175,7994,名詞,接尾,助数詞,*,*,*,ホン,ホン,ホン,1/2,C1
か所,1175,1175,10744,名詞,接尾,助数詞,*,*,*,か所,カショ,カショ,0/3,*
面,1171,1171,8275,名詞,接尾,一般,*,*,*,面,メン,メン,0/2,C3
ドラクマ,1175,1175,8055,名詞,接尾,助数詞,*,*,*,ドラクマ,ドラクマ,ドラクマ,2/4,C1
弦,1175,1175,8760,名詞,接尾,助数詞,*,*,*,弦,ゲン,ゲン,1/2,C3
割れ,1171,1171,6214,名詞,接尾,一般,*,*,*,割れ,ワレ,ワレ,0/2,C4
球,1171,1171,9468,名詞,接尾,一般,*,*,*,球,ダマ,ダマ,1/2,C3
球,1171,1171,8100,名詞,接尾,一般,*,*,*,球,キュウ,キュー,1/2,C3
ごたえ,1171,1171,8698,名詞,接尾,一般,*,*,*,ごたえ,ゴタエ,ゴタエ,0/3,*
率,1171,1171,6444,名詞,接尾,一般,*,*,*,率,リツ,リツ,1/2,C3
番手,1175,1175,8005,名詞,接尾,助数詞,*,*,*,番手,バンテ,バンテ,0/3,C1
グラム,1175,1175,8038,名詞,接尾,助数詞,*,*,*,グラム,グラム,グラム,1/3,C1
掛け,1171,1171,8213,名詞,接尾,一般,*,*,*,掛け,カケ,カケ,2/2,C3
個月,1175,1175,8382,名詞,接尾,助数詞,*,*,*,個月,カゲツ,カゲツ,0/3,*
ダウン,1171,1171,9996,名詞,接尾,一般,*,*,*,ダウン,ダウン,ダウン,1/3,C1
ｔ,1175,1175,10751,名詞,接尾,助数詞,*,*,*,ｔ,トン,トン,0/2,*
科,1171,1171,6476,名詞,接尾,一般,*,*,*,科,カ,カ,1/1,C3
分け,1170,1170,8136,名詞,接尾,サ変接続,*,*,*,分け,ワケ,ワケ,2/2,C4
作り,1171,1171,3490,名詞,接尾,一般,*,*,*,作り,ヅクリ,ズクリ,3/3,C2
作り,1171,1171,6577,名詞,接尾,一般,*,*,*,作り,ツクリ,ツクリ,3/3,C2
条,1175,1175,9371,名詞,接尾,助数詞,*,*,*,条,ジョウ,ジョー,1/2,C3
そろい,1175,1175,10597,名詞,接尾,助数詞,*,*,*,そろい,ソロイ,ソロイ,0/3,*
球,1175,1175,9518,名詞,接尾,助数詞,*,*,*,球,キュウ,キュー,1/2,C3
狂,1171,1171,6032,名詞,接尾,一般,*,*,*,狂,キョウ,キョー,1/2,C4
名,1175,1175,7104,名詞,接尾,助数詞,*,*,*,名,メイ,メイ,0/2,C3
遍,1175,1175,8695,名詞,接尾,助数詞,*,*,*,遍,ヘン,ヘン,0/2,C3
王,1171,1171,8250,名詞,接尾,一般,*,*,*,王,オウ,オー,1/2,C3
文,1175,1175,9919,名詞,接尾,助数詞,*,*,*,文,ブン,ブン,1/2,C3
文,1175,1175,10928,名詞,接尾,助数詞,*,*,*,文,モン,モン,1/2,C3
輪,1175,1175,9098,名詞,接尾,助数詞,*,*,*,輪,リン,リン,1/2,C3
化,1170,1170,6006,名詞,接尾,サ変接続,*,*,*,化,カ,カ,1/1,*
枠,1175,1175,7318,名詞,接尾,助数詞,*,*,*,枠,ワク,ワク,2/2,C3
筆,1171,1171,7656,名詞,接尾,一般,*,*,*,筆,ヒツ,ヒツ,0/2,C3
バール,1175,1175,8056,名詞,接尾,助数詞,*,*,*,バール,バール,バール,1/3,C1
シリング,1175,1175,8055,名詞,接尾,助数詞,*,*,*,シリング,シリング,シリング,1/4,C1
人月,1175,1175,8126,名詞,接尾,助数詞,*,*,*,人月,ニンゲツ,ニンゲツ,0/4,*
ペニー,1175,1175,8055,名詞,接尾,助数詞,*,*,*,ペニー,ペニー,ペニー,1/3,C1
ガモ,1171,1171,8064,名詞,接尾,一般,*,*,*,ガモ,ガモ,ガモ,0/2,*
刷,1175,1175,8283,名詞,接尾,助数詞,*,*,*,刷,サツ,サツ,0/2,C3
個口,1175,1175,8088,名詞,接尾,助数詞,*,*,*,個口,コグチ,コグチ,0/3,*
月,1175,1175,13755,名詞,接尾,助数詞,*,*,*,月,ツキ,ツキ,2/2,C3
ガロン,1175,1175,8055,名詞,接尾,助数詞,*,*,*,ガロン,ガロン,ガロン,1/3,C1
葬,1171,1171,5774,名詞,接尾,一般,*,*,*,葬,ソウ,ソー,0/2,*
罰,1171,1171,6133,名詞,接尾,一般,*,*,*,罰,バツ,バツ,1/2,C3
カイリ,1175,1175,7909,名詞,接尾,助数詞,*,*,*,カイリ,カイリ,カイリ,0/3,*
機,1175,1175,8833,名詞,接尾,助数詞,*,*,*,機,キ,キ,1/1,C3
売,1171,1171,7758,名詞,接尾,一般,*,*,*,売,ウリ,ウリ,0/2,C4
拳,1171,1171,6145,名詞,接尾,一般,*,*,*,拳,ケン,ケン,1/2,C3
版,1171,1171,5430,名詞,接尾,一般,*,*,*,版,バン,バン,1/2,C3
限,1175,1175,8950,名詞,接尾,助数詞,*,*,*,限,ゲン,ゲン,2/2,C3
石,1175,1175,8345,名詞,接尾,助数詞,*,*,*,石,セキ,セキ,2/2,C3
石,1175,1175,10145,名詞,接尾,助数詞,*,*,*,石,コク,コク,2/2,C3
票,1171,1171,7091,名詞,接尾,一般,*,*,*,票,ヒョウ,ヒョー,0/2,C3
ウォン,1175,1175,8025,名詞,接尾,助数詞,*,*,*,ウォン,ウォン,ウォン,1/2,C1
びたし,1171,1171,8622,名詞,接尾,一般,*,*,*,びたし,ビタシ,ビタシ,0/3,*
発,1175,1175,9039,名詞,接尾,助数詞,*,*,*,発,ハツ,ハツ,0/2,*
マン,1171,1171,9204,名詞,接尾,一般,*,*,*,マン,マン,マン,1/2,C3
油,1171,1171,6747,名詞,接尾,一般,*,*,*,油,ユ,ユ,0/1,C2
港,1176,1176,10277,名詞,接尾,地域,*,*,*,港,コウ,コー,0/2,C2
風,1171,1171,4744,名詞,接尾,一般,*,*,*,風,フウ,フー,1/2,C3
回,1175,1175,5836,名詞,接尾,助数詞,*,*,*,回,カイ,カイ,1/2,C3
遣い,1171,1171,5474,名詞,接尾,一般,*,*,*,遣い,ヅカイ,ズカイ,1/3,C2
ども,1171,1171,9498,名詞,接尾,一般,*,*,*,ども,ドモ,ドモ,0/2,*
ポイント,1175,1175,7231,名詞,接尾,助数詞,*,*,*,ポイント,ポイント,ポイント,0/4,C2
心地,1171,1171,6156,名詞,接尾,一般,*,*,*,心地,ゴコチ,ゴコチ,0/3,C2
年代,1175,1175,7046,名詞,接尾,助数詞,*,*,*,年代,ネンダイ,ネンダイ,0/4,C2
鋼,1171,1171,6697,名詞,接尾,一般,*,*,*,鋼,コウ,コー,1/2,C4
付,1171,1171,5916,名詞,接尾,一般,*,*,*,付,ヅケ,ズケ,0/2,C4
付,1171,1171,8953,名詞,接尾,一般,*,*,*,付,フ,フ,0/2,C4
付,1171,1171,8504,名詞,接尾,一般,*,*,*,付,ツキ,ツキ,0/2,C4
画,1171,1171,8454,名詞,接尾,一般,*,*,*,画,ガ,ガ,1/1,C4
士,1171,1171,7901,名詞,接尾,一般,*,*,*,士,シ,シ,1/1,C3
帯,1171,1171,5910,名詞,接尾,一般,*,*,*,帯,タイ,タイ,1/2,C3
つ折り,1175,1175,10590,名詞,接尾,助数詞,*,*,*,つ折り,ツオリ,ツオリ,0/3,*
つまみ,1175,1175,11176,名詞,接尾,助数詞,*,*,*,つまみ,ツマミ,ツマミ,1/3,C1
デニール,1175,1175,8055,名詞,接尾,助数詞,*,*,*,デニール,デニール,デニール,0/4,*
張り,1175,1175,8845,名詞,接尾,助数詞,*,*,*,張り,ハリ,ハリ,0/2,C3
館,1171,1171,6974,名詞,接尾,一般,*,*,*,館,カン,カン,1/2,C2
もと,1171,1171,9011,名詞,接尾,一般,*,*,*,もと,モト,モト,2/2,C3
替え,1171,1171,7531,名詞,接尾,一般,*,*,*,替え,ガエ,ガエ,0/2,C3
くだり,1175,1175,10896,名詞,接尾,助数詞,*,*,*,くだり,クダリ,クダリ,1/3,C1
キロメートル,1175,1175,8055,名詞,接尾,助数詞,*,*,*,キロメートル,キロメートル,キロメートル,0/6,*
馬身,1175,1175,8125,名詞,接尾,助数詞,*,*,*,馬身,バシン,バシン,0/3,*
児,1171,1171,7474,名詞,接尾,一般,*,*,*,児,ジ,ジ,0/1,C3
運び,1171,1171,6474,名詞,接尾,一般,*,*,*,運び,ハコビ,ハコビ,0/3,C2
湖,1176,1176,8747,名詞,接尾,地域,*,*,*,湖,コ,コ,1/1,C1
園,1175,1175,9725,名詞,接尾,助数詞,*,*,*,園,エン,エン,1/2,C3
進数,1175,1175,8126,名詞,接尾,助数詞,*,*,*,進数,シンスウ,シンスー,0/4,*
余り,1171,1171,4954,名詞,接尾,一般,*,*,*,余り,アマリ,アマリ,3/3,C1
分け,1175,1175,11004,名詞,接尾,助数詞,*,*,*,分け,ワケ,ワケ,2/2,C4
目,1171,1171,6597,名詞,接尾,一般,*,*,*,目,メ,メ,1/1,C3
刀,1171,1171,7630,名詞,接尾,一般,*,*,*,刀,ガタナ,ガタナ,2/3,C1
かた,1171,1171,9176,名詞,接尾,一般,*,*,*,かた,カタ,カタ,2/2,C3
袋,1171,1171,5106,名詞,接尾,一般,*,*,*,袋,ブクロ,ブクロ,3/3,C2
作,1175,1175,9904,名詞,接尾,助数詞,*,*,*,作,サク,サク,0/2,C3
材,1171,1171,8087,名詞,接尾,一般,*,*,*,材,ザイ,ザイ,1/2,C4
向け,1171,1171,5437,名詞,接尾,一般,*,*,*,向け,ムケ,ムケ,0/2,C3
閥,1171,1171,6724,名詞,接尾,一般,*,*,*,閥,バツ,バツ,1/2,C3
ミリバール,1175,1175,8055,名詞,接尾,助数詞,*,*,*,ミリバール,ミリバール,ミリバール,3/5,C1
エスクード,1175,1175,8055,名詞,接尾,助数詞,*,*,*,エスクード,エスクード,エスクード,0/5,*
ｍ,1175,1175,10622,名詞,接尾,助数詞,*,*,*,ｍ,メートル,メートル,0/4,*
址,1171,1171,7492,名詞,接尾,一般,*,*,*,址,シ,シ,1/1,*
か月,1175,1175,10846,名詞,接尾,助数詞,*,*,*,か月,カゲツ,カゲツ,0/3,*
著,1172,1172,5670,名詞,接尾,人名,*,*,*,著,チョ,チョ,1/1,C5
箱,1175,1175,7940,名詞,接尾,助数詞,*,*,*,箱,ハコ,ハコ,0/2,C3
不可,1171,1171,6518,名詞,接尾,一般,*,*,*,不可,フカ,フカ,1/2,C1
名,1171,1171,7117,名詞,接尾,一般,*,*,*,名,メイ,メイ,0/2,C3
もの,1171,1171,8716,名詞,接尾,一般,*,*,*,もの,モノ,モノ,0/2,C4
性,1171,1171,6259,名詞,接尾,一般,*,*,*,性,セイ,セイ,1/2,C4
祭,1171,1171,5769,名詞,接尾,一般,*,*,*,祭,サイ,サイ,1/2,C2
カロリー,1175,1175,8333,名詞,接尾,助数詞,*,*,*,カロリー,カロリー,カロリー,0/4,*
選,1171,1171,7049,名詞,接尾,一般,*,*,*,選,セン,セン,1/2,C4
型,1175,1175,8127,名詞,接尾,助数詞,*,*,*,型,ガタ,ガタ,2/2,C4
袋,1175,1175,8228,名詞,接尾,助数詞,*,*,*,袋,フクロ,フクロ,3/3,C2
ピコ,1175,1175,8053,名詞,接尾,助数詞,*,*,*,ピコ,ピコ,ピコ,1/2,C1
艇,1171,1171,7973,名詞,接尾,一般,*,*,*,艇,テイ,テイ,0/2,*
県,1176,1176,4869,名詞,接尾,地域,*,*,*,県,ケン,ケン,1/2,C3
よう,1171,1171,6978,名詞,接尾,一般,*,*,*,よう,ヨウ,ヨー,0/2,C4
さばき,1171,1171,9939,名詞,接尾,一般,*,*,*,さばき,サバキ,サバキ,1/3,C1
宛て,1171,1171,6480,名詞,接尾,一般,*,*,*,宛て,アテ,アテ,0/2,C4
どうし,1171,1171,9353,名詞,接尾,一般,*,*,*,どうし,ドウシ,ドーシ,1/3,C1
染め,1171,1171,5995,名詞,接尾,一般,*,*,*,染め,ゾメ,ゾメ,0/2,C2
Ｍバイト,1175,1175,10463,名詞,接尾,助数詞,*,*,*,Ｍバイト,メガバイト,メガバイト,0/5,*
サンチーム,1175,1175,8055,名詞,接尾,助数詞,*,*,*,サンチーム,サンチーム,サンチーム,3/5,C1
則,1171,1171,8051,名詞,接尾,一般,*,*,*,則,ソク,ソク,1/2,C3
書き,1171,1171,5848,名詞,接尾,一般,*,*,*,書き,ガキ,ガキ,1/2,C4
書き,1171,1171,6834,名詞,接尾,一般,*,*,*,書き,カキ,カキ,1/2,C4
区,1175,1175,7682,名詞,接尾,助数詞,*,*,*,区,ク,ク,1/1,C3
ｈｐａ,1175,1175,10463,名詞,接尾,助数詞,*,*,*,ｈｐａ,ヘクトパスカル,ヘクトパスカル,0/7,*
出し,1171,1171,8679,名詞,接尾,一般,*,*,*,出し,ダシ,ダシ,2/2,C4
等,1171,1171,5955,名詞,接尾,一般,*,*,*,等,トウ,トー,1/1,C1
等,1171,1171,5096,名詞,接尾,一般,*,*,*,等,ラ,ラ,1/1,C1
金,1171,1171,7044,名詞,接尾,一般,*,*,*,金,キン,キン,0/2,C3
がらみ,1171,1171,8721,名詞,接尾,一般,*,*,*,がらみ,ガラミ,ガラミ,0/3,*
ｋｈｚ,1175,1175,10463,名詞,接尾,助数詞,*,*,*,ｋｈｚ,キロヘルツ,キロヘルツ,0/5,*
水,1171,1171,8100,名詞,接尾,一般,*,*,*,水,スイ,スイ,0/2,C3
水,1171,1171,8365,名詞,接尾,一般,*,*,*,水,ミズ,ミズ,0/2,C3
フォン,1175,1175,8055,名詞,接尾,助数詞,*,*,*,フォン,フォン,フォン,1/2,C1
年来,1175,1175,7898,名詞,接尾,助数詞,*,*,*,年来,ネンライ,ネンライ,0/4,*
絵,1171,1171,8692,名詞,接尾,一般,*,*,*,絵,エ,エ,1/1,C3
週,1175,1175,9127,名詞,接尾,助数詞,*,*,*,週,シュウ,シュー,1/2,C3
足らず,1171,1171,5833,名詞,接尾,一般,*,*,*,足らず,タラズ,タラズ,0/3,*
飾り,1171,1171,4825,名詞,接尾,一般,*,*,*,飾り,カザリ,カザリ,1/3,C1
リットル,1175,1175,7861,名詞,接尾,助数詞,*,*,*,リットル,リットル,リットル,0/4,C2
焼き,1171,1171,7114,名詞,接尾,一般,*,*,*,焼き,ヤキ,ヤキ,0/2,C4
線,1175,1175,8124,名詞,接尾,助数詞,*,*,*,線,セン,セン,1/2,C4
年度,1171,1171,8304,名詞,接尾,一般,*,*,*,年度,ネンド,ネンド,1/3,C1
持ち,1171,1171,7695,名詞,接尾,一般,*,*,*,持ち,モチ,モチ,2/2,C4
年,1175,1175,6900,名詞,接尾,助数詞,*,*,*,年,ネン,ネン,1/2,C3
価,1175,1175,10210,名詞,接尾,助数詞,*,*,*,価,カ,カ,0/1,C3
博,1171,1171,7981,名詞,接尾,一般,*,*,*,博,ハク,ハク,1/2,C3
パーセント,1175,1175,7966,名詞,接尾,助数詞,*,*,*,パーセント,パーセント,パーセント,3/5,C1
付き,1171,1171,5984,名詞,接尾,一般,*,*,*,付き,ツキ,ツキ,2/2,C4
疲れ,1171,1171,7464,名詞,接尾,一般,*,*,*,疲れ,ヅカレ,ズカレ,3/3,C2
泊,1175,1175,7721,名詞,接尾,助数詞,*,*,*,泊,ハク,ハク,1/2,C3
破り,1171,1171,8606,名詞,接尾,一般,*,*,*,破り,ヤブリ,ヤブリ,1/3,C1
さ,1178,1178,5552,名詞,接尾,特殊,*,*,*,さ,サ,サ,0/1,C3
州,1175,1175,10535,名詞,接尾,助数詞,*,*,*,州,シュウ,シュー,1/2,C3
族,1171,1171,8103,名詞,接尾,一般,*,*,*,族,ゾク,ゾク,0/2,C3
いじり,1171,1171,8620,名詞,接尾,一般,*,*,*,いじり,イジリ,イジリ,0/3,*
支度,1171,1171,5152,名詞,接尾,一般,*,*,*,支度,ジタク,ジタク,0/3,C2
片,1175,1175,9392,名詞,接尾,助数詞,*,*,*,片,ヘン,ヘン,1/2,C3
片,1175,1175,10275,名詞,接尾,助数詞,*,*,*,片,ペン,ペン,1/2,C3
強,1171,1171,7519,名詞,接尾,一般,*,*,*,強,キョウ,キョー,1/2,C1
量,1171,1171,7202,名詞,接尾,一般,*,*,*,量,リョウ,リョウ,1/2,C3
証,1171,1171,8151,名詞,接尾,一般,*,*,*,証,ショウ,ショー,1/2,C4
言,1175,1175,10835,名詞,接尾,助数詞,*,*,*,言,コト,コト,2/2,C3
建て,1171,1171,5196,名詞,接尾,一般,*,*,*,建て,ダテ,ダテ,1/2,C4
建て,1171,1171,8142,名詞,接尾,一般,*,*,*,建て,タテ,タテ,1/2,C4
作,1171,1171,7431,名詞,接尾,一般,*,*,*,作,サク,サク,0/2,C3
先,1171,1171,6096,名詞,接尾,一般,*,*,*,先,サキ,サキ,0/2,C4
いかん,1171,1171,9439,名詞,接尾,一般,*,*,*,いかん,イカン,イカン,0/3,*
メガトン,1175,1175,8055,名詞,接尾,助数詞,*,*,*,メガトン,メガトン,メガトン,1/4,C1
ガニ,1171,1171,8239,名詞,接尾,一般,*,*,*,ガニ,ガニ,ガニ,0/2,C3
あけ,1171,1171,8295,名詞,接尾,一般,*,*,*,あけ,アケ,アケ,0/2,*
街,1171,1171,6949,名詞,接尾,一般,*,*,*,街,ガイ,ガイ,2/2,C3
サイクル,1175,1175,8156,名詞,接尾,助数詞,*,*,*,サイクル,サイクル,サイクル,1/4,C1
ラウンド,1175,1175,7884,名詞,接尾,助数詞,*,*,*,ラウンド,ラウンド,ラウンド,0/4,C1
点,1175,1175,8051,名詞,接尾,助数詞,*,*,*,点,テン,テン,0/2,C3
ｋｍ,1175,1175,10463,名詞,接尾,助数詞,*,*,*,ｋｍ,キロメートル,キロメートル,0/6,*
引き,1171,1171,7751,名詞,接尾,一般,*,*,*,引き,ビキ,ビキ,0/2,C3
引き,1171,1171,8510,名詞,接尾,一般,*,*,*,引き,ヒキ,ヒキ,0/2,C3
林,1171,1171,8044,名詞,接尾,一般,*,*,*,林,リン,リン,1/2,C2
粉,1171,1171,7527,名詞,接尾,一般,*,*,*,粉,コ,コ,1/1,C3
段式,1175,1175,11800,名詞,接尾,助数詞,*,*,*,段式,ダンシキ,ダンシキ,0/4,*
げいこ,1171,1171,8652,名詞,接尾,一般,*,*,*,げいこ,ゲイコ,ゲイコ,1/3,C1
様,1175,1175,11022,名詞,接尾,助数詞,*,*,*,様,ヨウ,ヨー,2/2,C3
トン,1175,1175,6971,名詞,接尾,助数詞,*,*,*,トン,トン,トン,1/2,C3
肢,1171,1171,8327,名詞,接尾,一般,*,*,*,肢,シ,シ,1/1,*
カ寺,1175,1175,7285,名詞,接尾,助数詞,*,*,*,カ寺,カジ,カジ,0/2,*
ｃｃ,1175,1175,11265,名詞,接尾,助数詞,*,*,*,ｃｃ,シーシー,シーシー,0/4,*
便,1175,1175,8394,名詞,接尾,助数詞,*,*,*,便,ビン,ビン,1/2,C3
みがき,1171,1171,8569,名詞,接尾,一般,*,*,*,みがき,ミガキ,ミガキ,1/3,C1
げ,1171,1171,9000,名詞,接尾,一般,*,*,*,げ,ゲ,ゲ,1/1,*
アール,1175,1175,8584,名詞,接尾,助数詞,*,*,*,アール,アール,アール,1/3,C1
本,1175,1175,6974,名詞,接尾,助数詞,*,*,*,本,ホン,ホン,1/2,C3
沿い,1171,1171,3690,名詞,接尾,一般,*,*,*,沿い,ゾイ,ゾイ,1/2,C4
沿い,1171,1171,5084,名詞,接尾,一般,*,*,*,沿い,ソイ,ソイ,1/2,C4
魂,1171,1171,8177,名詞,接尾,一般,*,*,*,魂,ダマシイ,ダマシー,2/4,C1
椀,1175,1175,8319,名詞,接尾,助数詞,*,*,*,椀,ワン,ワン,0/2,C3
振り,1175,1175,10267,名詞,接尾,助数詞,*,*,*,振り,フリ,フリ,0/2,C3
港,1175,1175,10673,名詞,接尾,助数詞,*,*,*,港,コウ,コー,0/2,C2
くみ,1171,1171,9288,名詞,接尾,一般,*,*,*,くみ,クミ,クミ,0/2,C4
伝い,1171,1171,6704,名詞,接尾,一般,*,*,*,伝い,ヅタイ,ズタイ,0/3,*
箇月,1175,1175,8382,名詞,接尾,助数詞,*,*,*,箇月,カゲツ,カゲツ,0/3,*
巻き,1171,1171,8064,名詞,接尾,一般,*,*,*,巻き,マキ,マキ,0/2,C4
ら,1171,1171,8565,名詞,接尾,一般,*,*,*,ら,ラ,ラ,0/1,C3
度目,1175,1175,6222,名詞,接尾,助数詞,*,*,*,度目,ドメ,ドメ,0/2,*
例,1175,1175,8946,名詞,接尾,助数詞,*,*,*,例,レイ,レイ,1/2,C3
パット,1175,1175,7927,名詞,接尾,助数詞,*,*,*,パット,パット,パット,1/3,C1
歴,1171,1171,6202,名詞,接尾,一般,*,*,*,歴,レキ,レキ,0/2,C3
師,1171,1171,6905,名詞,接尾,一般,*,*,*,師,シ,シ,1/1,C3
離れ,1171,1171,6910,名詞,接尾,一般,*,*,*,離れ,バナレ,バナレ,1/3,C1
台,1175,1175,8730,名詞,接尾,助数詞,*,*,*,台,ダイ,ダイ,1/2,C3
犯,1171,1171,7759,名詞,接尾,一般,*,*,*,犯,ハン,ハン,0/2,C3
打,1171,1171,7820,名詞,接尾,一般,*,*,*,打,ダ,ダ,0/1,C3
湾,1171,1171,6832,名詞,接尾,一般,*,*,*,湾,ワン,ワン,1/2,C3
院,1171,1171,5918,名詞,接尾,一般,*,*,*,院,イン,イン,1/2,C3
ボルト,1175,1175,8035,名詞,接尾,助数詞,*,*,*,ボルト,ボルト,ボルト,1/3,C1
陣,1171,1171,6246,名詞,接尾,一般,*,*,*,陣,ジン,ジン,1/2,C4
語,1171,1171,6948,名詞,接尾,一般,*,*,*,語,ゴ,ゴ,1/1,C3
キロヘルツ,1175,1175,8055,名詞,接尾,助数詞,*,*,*,キロヘルツ,キロヘルツ,キロヘルツ,0/5,*
攻め,1171,1171,6770,名詞,接尾,一般,*,*,*,攻め,ゼメ,ゼメ,2/2,C3
巻,1175,1175,5660,名詞,接尾,助数詞,*,*,*,巻,カン,カン,1/2,C1
使,1171,1171,9631,名詞,接尾,一般,*,*,*,使,シ,シ,0/1,C3
時限,1175,1175,7999,名詞,接尾,助数詞,*,*,*,時限,ジゲン,ジゲン,1/3,C1
回忌,1175,1175,7827,名詞,接尾,助数詞,*,*,*,回忌,カイキ,カイキ,0/3,*
ばり,1171,1171,8856,名詞,接尾,一般,*,*,*,ばり,バリ,バリ,0/2,C4
市内,1176,1176,8934,名詞,接尾,地域,*,*,*,市内,シナイ,シナイ,1/3,C1
通り,1175,1175,8988,名詞,接尾,助数詞,*,*,*,通り,トオリ,トーリ,3/3,C2
分の,1175,1175,8316,名詞,接尾,助数詞,*,*,*,分の,ブンノ,ブンノ,0/3,*
がわり,1171,1171,6966,名詞,接尾,一般,*,*,*,がわり,ガワリ,ガワリ,0/3,*
犯,1175,1175,9503,名詞,接尾,助数詞,*,*,*,犯,ハン,ハン,0/2,C3
籍,1171,1171,9059,名詞,接尾,一般,*,*,*,籍,セキ,セキ,1/2,C3
章,1175,1175,9001,名詞,接尾,助数詞,*,*,*,章,ショウ,ショー,1/2,C3
気味,1171,1171,5050,名詞,接尾,一般,*,*,*,気味,ギミ,ギミ,2/2,C3
続き,1175,1175,10406,名詞,接尾,助数詞,*,*,*,続き,ツヅキ,ツヅキ,0/3,C2
数,1175,1175,11284,名詞,接尾,助数詞,*,*,*,数,スウ,スー,1/2,C3
際,1171,1171,6248,名詞,接尾,一般,*,*,*,際,ギワ,ギワ,2/2,C3
握り,1175,1175,8286,名詞,接尾,助数詞,*,*,*,握り,ニギリ,ニギリ,0/3,C1
ｋメートル,1175,1175,10463,名詞,接尾,助数詞,*,*,*,ｋメートル,キロメートル,キロメートル,0/6,*
裁,1171,1171,9044,名詞,接尾,一般,*,*,*,裁,サイ,サイ,1/2,C3
フィート,1175,1175,8055,名詞,接尾,助数詞,*,*,*,フィート,フィート,フィート,0/4,*
刈り,1171,1171,6576,名詞,接尾,一般,*,*,*,刈り,ガリ,ガリ,0/2,C4
ごこち,1171,1171,8586,名詞,接尾,一般,*,*,*,ごこち,ゴコチ,ゴコチ,0/3,*
立,1171,1171,8997,名詞,接尾,一般,*,*,*,立,リツ,リツ,0/2,C4
立,1171,1171,10096,名詞,接尾,一般,*,*,*,立,タテ,タテ,0/2,C4
下り,1171,1171,6270,名詞,接尾,一般,*,*,*,下り,クダリ,クダリ,0/3,C1
店,1175,1175,8125,名詞,接尾,助数詞,*,*,*,店,テン,テン,0/2,C3
字,1175,1175,10352,名詞,接尾,助数詞,*,*,*,字,ジ,ジ,1/1,C3
観,1171,1171,6627,名詞,接尾,一般,*,*,*,観,カン,カン,1/2,C3
秒間,1175,1175,7937,名詞,接尾,助数詞,*,*,*,秒間,ビョウカン,ビョーカン,0/5,*
犬,1171,1171,6201,名詞,接尾,一般,*,*,*,犬,ケン,ケン,2/2,C3
錠,1175,1175,8828,名詞,接尾,助数詞,*,*,*,錠,ジョウ,ジョー,1/2,C3
船,1171,1171,6486,名詞,接尾,一般,*,*,*,船,セン,セン,1/2,C3
講,1171,1171,7719,名詞,接尾,一般,*,*,*,講,コウ,コー,0/2,*
土,1171,1171,8590,名詞,接尾,一般,*,*,*,土,ド,ド,1/1,C3
入り,1170,1170,4683,名詞,接尾,サ変接続,*,*,*,入り,イリ,イリ,0/2,C3
号線,1175,1175,8126,名詞,接尾,助数詞,*,*,*,号線,ゴウセン,ゴーセン,0/4,*
Ｍｂ,1175,1175,10463,名詞,接尾,助数詞,*,*,*,Ｍｂ,メガバイト,メガバイト,0/5,*
上げ,1171,1171,9930,名詞,接尾,一般,*,*,*,上げ,アゲ,アゲ,0/2,C4
湖,1175,1175,9467,名詞,接尾,助数詞,*,*,*,湖,コ,コ,1/1,C1
刺し,1171,1171,7273,名詞,接尾,一般,*,*,*,刺し,ザシ,ザシ,2/2,C4
賞,1171,1171,6235,名詞,接尾,一般,*,*,*,賞,ショウ,ショー,1/2,C3
生,1171,1171,5692,名詞,接尾,一般,*,*,*,生,セイ,セイ,1/3,C3
生,1171,1171,9437,名詞,接尾,一般,*,*,*,生,ウマレ,ウマレ,1/3,C3
世,1175,1175,9292,名詞,接尾,助数詞,*,*,*,世,セイ,セイ,1/2,C3
ぺん,1175,1175,10939,名詞,接尾,助数詞,*,*,*,ぺん,ペン,ペン,0/2,*
カ条,1175,1175,8055,名詞,接尾,助数詞,*,*,*,カ条,カジョウ,カジョー,0/4,*
Ｇバイト,1175,1175,10463,名詞,接尾,助数詞,*,*,*,Ｇバイト,ギガバイト,ギガバイト,0/5,*
柱,1171,1171,7476,名詞,接尾,一般,*,*,*,柱,バシラ,バシラ,3/3,C2
斤,1175,1175,8156,名詞,接尾,助数詞,*,*,*,斤,キン,キン,1/2,C3
年間,1175,1175,7060,名詞,接尾,助数詞,*,*,*,年間,ネンカン,ネンカン,0/4,C2
漁,1171,1171,7602,名詞,接尾,一般,*,*,*,漁,リョウ,リョー,1/2,C3
並み,1171,1171,4995,名詞,接尾,一般,*,*,*,並み,ナミ,ナミ,0/2,C4
キロ,1175,1175,8334,名詞,接尾,助数詞,*,*,*,キロ,キロ,キロ,1/2,C3
墳,1171,1171,7125,名詞,接尾,一般,*,*,*,墳,フン,フン,0/2,*
談,1171,1171,7869,名詞,接尾,一般,*,*,*,談,ダン,ダン,1/2,C3
バレル,1175,1175,8056,名詞,接尾,助数詞,*,*,*,バレル,バレル,バレル,0/3,*
バーツ,1175,1175,8055,名詞,接尾,助数詞,*,*,*,バーツ,バーツ,バーツ,1/3,C1
令,1171,1171,5834,名詞,接尾,一般,*,*,*,令,レイ,レイ,1/2,C3
城,1171,1171,8539,名詞,接尾,一般,*,*,*,城,ジョウ,ジョー,0/2,C3
案,1171,1171,7485,名詞,接尾,一般,*,*,*,案,アン,アン,1/2,C3
固め,1171,1171,8399,名詞,接尾,一般,*,*,*,固め,ガタメ,ガタメ,0/3,C2
物,1171,1171,6748,名詞,接尾,一般,*,*,*,物,ブツ,ブツ,1/2,C4
物,1171,1171,6653,名詞,接尾,一般,*,*,*,物,モノ,モノ,1/2,C4
びいき,1171,1171,8622,名詞,接尾,一般,*,*,*,びいき,ビイキ,ビイキ,0/3,*
フロア,1175,1175,7996,名詞,接尾,助数詞,*,*,*,フロア,フロア,フロア,2/3,C1
好き,1177,1177,2372,名詞,接尾,形容動詞語幹,*,*,*,好き,スキ,スキ,2/2,C4
入れ,1171,1171,6418,名詞,接尾,一般,*,*,*,入れ,イレ,イレ,0/2,*
ディナール,1175,1175,9509,名詞,接尾,助数詞,*,*,*,ディナール,ディナール,ディナール,2/4,C1
歌,1171,1171,8602,名詞,接尾,一般,*,*,*,歌,カ,カ,1/1,C3
口,1175,1175,9933,名詞,接尾,助数詞,*,*,*,口,クチ,クチ,0/2,C3
層,1175,1175,9600,名詞,接尾,助数詞,*,*,*,層,ソウ,ソー,1/2,C3
夕,1171,1171,8437,名詞,接尾,一般,*,*,*,夕,ユウ,ユー,0/2,*
づきあい,1171,1171,8622,名詞,接尾,一般,*,*,*,づきあい,ヅキアイ,ズキアイ,0/4,*
食い,1171,1171,7802,名詞,接尾,一般,*,*,*,食い,グイ,グイ,0/2,C4
わき,1171,1171,8803,名詞,接尾,一般,*,*,*,わき,ワキ,ワキ,2/2,C4
そう,1174,1174,3530,名詞,接尾,助動詞語幹,*,*,*,そう,ソウ,ソー,0/2,C1
炎,1171,1171,4553,名詞,接尾,一般,*,*,*,炎,エン,エン,1/2,C1
ギガ,1175,1175,8425,名詞,接尾,助数詞,*,*,*,ギガ,ギガ,ギガ,1/2,C1
団,1171,1171,6119,名詞,接尾,一般,*,*,*,団,ダン,ダン,1/2,C3
番地,1175,1175,8126,名詞,接尾,助数詞,*,*,*,番地,バンチ,バンチ,0/3,C1
づくし,1171,1171,8622,名詞,接尾,一般,*,*,*,づくし,ヅクシ,ズクシ,0/3,*
ふう,1171,1171,8212,名詞,接尾,一般,*,*,*,ふう,フウ,フー,1/2,C3
ｃａｌ,1175,1175,10516,名詞,接尾,助数詞,*,*,*,ｃａｌ,カロリー,カロリー,0/4,*
メガヘルツ,1175,1175,7960,名詞,接尾,助数詞,*,*,*,メガヘルツ,メガヘルツ,メガヘルツ,0/5,*
上,1171,1171,6247,名詞,接尾,一般,*,*,*,上,ウエ,ウエ,0/2,*
ヵ月,1175,1175,8311,名詞,接尾,助数詞,*,*,*,ヵ月,カゲツ,カゲツ,0/3,*
年生,1175,1175,7935,名詞,接尾,助数詞,*,*,*,年生,ネンセイ,ネンセイ,0/4,*
畳,1175,1175,7510,名詞,接尾,助数詞,*,*,*,畳,ジョウ,ジョー,0/2,C2
糖,1171,1171,7020,名詞,接尾,一般,*,*,*,糖,トウ,トー,1/2,C4
Ｒ,1175,1175,10581,名詞,接尾,助数詞,*,*,*,Ｒ,ラウンド,ラウンド,1/3,C1
Ｒ,1175,1175,12101,名詞,接尾,助数詞,*,*,*,Ｒ,アール,アール,1/3,C1
げんか,1171,1171,8626,名詞,接尾,一般,*,*,*,げんか,ゲンカ,ゲンカ,1/3,C1
グァラニ,1175,1175,8055,名詞,接尾,助数詞,*,*,*,グァラニ,グァラニ,グァラニ,1/4,C1
皮,1171,1171,8397,名詞,接尾,一般,*,*,*,皮,ガワ,ガワ,2/2,C3
郡,1176,1176,6288,名詞,接尾,地域,*,*,*,郡,グン,グン,1/2,C3
方,1175,1175,11129,名詞,接尾,助数詞,*,*,*,方,ポウ,ポー,1/2,C3
方,1175,1175,10944,名詞,接尾,助数詞,*,*,*,方,ホウ,ホー,1/2,C3
柱,1175,1175,8256,名詞,接尾,助数詞,*,*,*,柱,ハシラ,ハシラ,3/3,C2
掴み,1175,1175,8166,名詞,接尾,助数詞,*,*,*,掴み,ツカミ,ツカミ,3/3,C1
川,1176,1176,9559,名詞,接尾,地域,*,*,*,川,ガワ,ガワ,2/2,C3
川,1176,1176,11133,名詞,接尾,地域,*,*,*,川,カワ,カワ,2/2,C3
カ所,1175,1175,9624,名詞,接尾,助数詞,*,*,*,カ所,カショ,カショ,0/3,*
以来,1173,1173,8509,名詞,接尾,副詞可能,*,*,*,以来,イライ,イライ,0/3,*
ダース,1175,1175,8055,名詞,接尾,助数詞,*,*,*,ダース,ダース,ダース,0/3,*
勝,1170,1170,7265,名詞,接尾,サ変接続,*,*,*,勝,ショウ,ショー,1/2,C4
分,1173,1173,9700,名詞,接尾,副詞可能,*,*,*,分,フン,フン,1/2,C3
次第,1173,1173,9761,名詞,接尾,副詞可能,*,*,*,次第,シダイ,シダイ,0/3,C2
半,1171,1171,11039,名詞,接尾,一般,*,*,*,半,ハン,ハン,1/2,C1
ばなし,1171,1171,9043,名詞,接尾,一般,*,*,*,ばなし,バナシ,バナシ,0/3,*
枚,1175,1175,7980,名詞,接尾,助数詞,*,*,*,枚,マイ,マイ,0/2,*
シリーズ,1171,1171,8783,名詞,接尾,一般,*,*,*,シリーズ,シリーズ,シリーズ,2/4,C1
もれ,1171,1171,8601,名詞,接尾,一般,*,*,*,もれ,モレ,モレ,0/2,C4
ミリボルト,1175,1175,8055,名詞,接尾,助数詞,*,*,*,ミリボルト,ミリボルト,ミリボルト,0/5,*
人組,1175,1175,7586,名詞,接尾,助数詞,*,*,*,人組,ニングミ,ニングミ,0/4,*
棹,1175,1175,8124,名詞,接尾,助数詞,*,*,*,棹,サオ,サオ,2/2,C3
揃,1175,1175,8135,名詞,接尾,助数詞,*,*,*,揃,ソロイ,ソロイ,2/3,C1
舞,1171,1171,7626,名詞,接尾,一般,*,*,*,舞,マイ,マイ,0/2,C4
Å,1175,1175,7515,名詞,接尾,助数詞,*,*,*,Å,オングストローム,オングストローム,0/8,*
期生,1175,1175,10191,名詞,接尾,助数詞,*,*,*,期生,キセイ,キセー,0/3,*
メガバイト,1175,1175,8055,名詞,接尾,助数詞,*,*,*,メガバイト,メガバイト,メガバイト,0/5,*
ｋｗ,1175,1175,10438,名詞,接尾,助数詞,*,*,*,ｋｗ,キロワット,キロワット,0/5,*
マイクロ,1175,1175,8533,名詞,接尾,助数詞,*,*,*,マイクロ,マイクロ,マイクロ,0/4,C1
視,1170,1170,6473,名詞,接尾,サ変接続,*,*,*,視,シ,シ,1/1,*
魚,1171,1171,5747,名詞,接尾,一般,*,*,*,魚,ギョ,ギョ,0/1,C2
ｋリットル,1175,1175,10432,名詞,接尾,助数詞,*,*,*,ｋリットル,キロリットル,キロリットル,0/6,*
班,1175,1175,8978,名詞,接尾,助数詞,*,*,*,班,ハン,ハン,1/2,C3
班,1175,1175,8978,名詞,接尾,助数詞,*,*,*,班,ハン,パン,1/2,C3
減らし,1171,1171,7933,名詞,接尾,一般,*,*,*,減らし,ヘラシ,ヘラシ,1/3,C1
減らし,1171,1171,8376,名詞,接尾,一般,*,*,*,減らし,ベラシ,ベラシ,1/3,C1
浬,1175,1175,8125,名詞,接尾,助数詞,*,*,*,浬,カイリ,カイリ,0/3,*
庫,1171,1171,7792,名詞,接尾,一般,*,*,*,庫,コ,コ,0/1,C3
戸,1175,1175,8349,名詞,接尾,助数詞,*,*,*,戸,コ,コ,0/1,C3
ごろ,1173,1173,4375,名詞,接尾,副詞可能,*,*,*,ごろ,ゴロ,ゴロ,1/2,C3
クローナ,1175,1175,8055,名詞,接尾,助数詞,*,*,*,クローナ,クローナ,クローナ,0/4,*
樽,1175,1175,8191,名詞,接尾,助数詞,*,*,*,樽,タル,タル,0/2,C3
産,1176,1176,6923,名詞,接尾,地域,*,*,*,産,サン,サン,0/2,C3
どおり,1171,1171,7783,名詞,接尾,一般,*,*,*,どおり,ドオリ,ドーリ,0/3,*
ビート,1175,1175,8490,名詞,接尾,助数詞,*,*,*,ビート,ビート,ビート,1/3,C1
期,1175,1175,8984,名詞,接尾,助数詞,*,*,*,期,キ,キ,1/1,C3
等地,1175,1175,8036,名詞,接尾,助数詞,*,*,*,等地,トウチ,トーチ,0/3,*
集,1171,1171,8356,名詞,接尾,一般,*,*,*,集,シュウ,シュー,1/2,C3
ｍＶ,1175,1175,10463,名詞,接尾,助数詞,*,*,*,ｍＶ,ミリボルト,ミリボルト,0/5,*
ルピー,1175,1175,7826,名詞,接尾,助数詞,*,*,*,ルピー,ルピー,ルピー,1/3,C1
丁目,1175,1175,7667,名詞,接尾,助数詞,*,*,*,丁目,チョウメ,チョーメ,0/4,*
限,1171,1171,7104,名詞,接尾,一般,*,*,*,限,ゲン,ゲン,2/2,C3
ｌ,1175,1175,10512,名詞,接尾,助数詞,*,*,*,ｌ,リットル,リットル,0/4,*
頼み,1171,1171,8351,名詞,接尾,一般,*,*,*,頼み,ダノミ,ダノミ,1/3,C1
義,1175,1175,9980,名詞,接尾,助数詞,*,*,*,義,ギ,ギ,1/1,C3
エーカー,1175,1175,8055,名詞,接尾,助数詞,*,*,*,エーカー,エーカー,エーカー,1/4,C1
畑,1171,1171,9700,名詞,接尾,一般,*,*,*,畑,バタケ,バタケ,0/3,C2
映り,1171,1171,6463,名詞,接尾,一般,*,*,*,映り,ウツリ,ウツリ,3/3,C1
時間,1175,1175,6034,名詞,接尾,助数詞,*,*,*,時間,ジカン,ジカン,0/3,*
刊,1171,1171,8695,名詞,接尾,一般,*,*,*,刊,カン,カン,0/2,*
等分,1175,1175,8990,名詞,接尾,助数詞,*,*,*,等分,トウブン,トーブン,0/4,C2
番目,1175,1175,6978,名詞,接尾,助数詞,*,*,*,番目,バンメ,バンメ,0/3,*
交じり,1171,1171,6350,名詞,接尾,一般,*,*,*,交じり,マジリ,マジリ,0/3,*
代,1175,1175,9197,名詞,接尾,助数詞,*,*,*,代,ダイ,ダイ,0/2,C3
禍,1171,1171,6497,名詞,接尾,一般,*,*,*,禍,カ,カ,0/1,C3
大,1171,1171,8045,名詞,接尾,一般,*,*,*,大,ダイ,ダイ,1/2,C4
集,1175,1175,10377,名詞,接尾,助数詞,*,*,*,集,シュウ,シュー,1/2,C3
塁,1175,1175,12723,名詞,接尾,助数詞,*,*,*,塁,ルイ,ルイ,1/2,C3
リアル,1175,1175,8580,名詞,接尾,助数詞,*,*,*,リアル,リアル,リアル,1/3,C1
ずくめ,1171,1171,8621,名詞,接尾,一般,*,*,*,ずくめ,ズクメ,ズクメ,0/3,*
波,1171,1171,7675,名詞,接尾,一般,*,*,*,波,ハ,ハ,1/1,C3
段,1175,1175,9007,名詞,接尾,助数詞,*,*,*,段,ダン,ダン,1/2,C3
遊び,1171,1171,7632,名詞,接尾,一般,*,*,*,遊び,アソビ,アソビ,0/3,C2
時,1175,1175,8042,名詞,接尾,助数詞,*,*,*,時,ジ,ジ,1/1,C3
戦,1171,1171,7746,名詞,接尾,一般,*,*,*,戦,セン,セン,1/2,C3
ケ村,1175,1175,8055,名詞,接尾,助数詞,*,*,*,ケ村,カソン,カソン,0/3,*
癖,1171,1171,8109,名詞,接尾,一般,*,*,*,癖,ヘキ,ヘキ,0/2,*
ごころ,1171,1171,8652,名詞,接尾,一般,*,*,*,ごころ,ゴコロ,ゴコロ,0/3,*
式,1175,1175,10895,名詞,接尾,助数詞,*,*,*,式,シキ,シキ,2/2,C3
や,1171,1171,11101,名詞,接尾,一般,*,*,*,や,ヤ,ヤ,0/1,C4
ペセタ,1175,1175,8028,名詞,接尾,助数詞,*,*,*,ペセタ,ペセタ,ペセタ,1/3,C1
たび,1175,1175,11733,名詞,接尾,助数詞,*,*,*,たび,タビ,タビ,2/2,C3
以内,1171,1171,8929,名詞,接尾,一般,*,*,*,以内,イナイ,イナイ,0/3,*
かげん,1171,1171,8217,名詞,接尾,一般,*,*,*,かげん,カゲン,カゲン,1/3,C1
圏,1171,1171,5373,名詞,接尾,一般,*,*,*,圏,ケン,ケン,0/2,*
シーズン,1175,1175,10404,名詞,接尾,助数詞,*,*,*,シーズン,シーズン,シーズン,1/4,C1
インチ,1175,1175,7823,名詞,接尾,助数詞,*,*,*,インチ,インチ,インチ,1/3,C1
そう,1175,1175,8331,名詞,接尾,助数詞,*,*,*,そう,ソウ,ソー,0/2,C1
つ折,1175,1175,10590,名詞,接尾,助数詞,*,*,*,つ折,ツオリ,ツオリ,0/3,*
タッチ,1171,1171,10000,名詞,接尾,一般,*,*,*,タッチ,タッチ,タッチ,1/3,C1
以北,1171,1171,7195,名詞,接尾,一般,*,*,*,以北,イホク,イホク,0/3,*
め,1171,1171,9404,名詞,接尾,一般,*,*,*,め,メ,メ,1/1,C4
鏡,1171,1171,5853,名詞,接尾,一般,*,*,*,鏡,キョウ,キョー,1/2,C2
サマ,1172,1172,6467,名詞,接尾,人名,*,*,*,サマ,サマ,サマ,0/2,*
色,1175,1175,9775,名詞,接尾,助数詞,*,*,*,色,ショク,ショク,2/2,C4
シーシー,1175,1175,8858,名詞,接尾,助数詞,*,*,*,シーシー,シーシー,シーシー,0/4,*
印,1171,1171,8708,名詞,接尾,一般,*,*,*,印,ジルシ,ジルシ,1/3,C2
印,1171,1171,8989,名詞,接尾,一般,*,*,*,印,イン,イン,1/3,C2
方,1171,1171,8457,名詞,接尾,一般,*,*,*,方,カタ,カタ,1/2,C3
方,1171,1171,9325,名詞,接尾,一般,*,*,*,方,ガタ,ガタ,1/2,C3
個条,1175,1175,8126,名詞,接尾,助数詞,*,*,*,個条,カジョウ,カジョー,0/3,C1
差,1175,1175,8573,名詞,接尾,助数詞,*,*,*,差,サ,サ,0/1,C3
流,1171,1171,5608,名詞,接尾,一般,*,*,*,流,リュウ,リュー,1/2,C4
領,1171,1171,7383,名詞,接尾,一般,*,*,*,領,リョウ,リョー,1/2,C3
忌,1171,1171,7312,名詞,接尾,一般,*,*,*,忌,キ,キ,1/1,C3
寄せ,1171,1171,6700,名詞,接尾,一般,*,*,*,寄せ,ヨセ,ヨセ,0/2,C3
時,1173,1173,6323,名詞,接尾,副詞可能,*,*,*,時,ジ,ジ,2/2,C3
時,1173,1173,6831,名詞,接尾,副詞可能,*,*,*,時,ドキ,ドキ,2/2,C3
時,1173,1173,9062,名詞,接尾,副詞可能,*,*,*,時,トキ,トキ,2/2,C3
商,1171,1171,8329,名詞,接尾,一般,*,*,*,商,ショウ,ショー,1/2,C3
粁,1175,1175,8126,名詞,接尾,助数詞,*,*,*,粁,キロメートル,キロメートル,0/6,*
像,1171,1171,6486,名詞,接尾,一般,*,*,*,像,ゾウ,ゾー,1/2,C3
目,1175,1175,12088,名詞,接尾,助数詞,*,*,*,目,モク,モク,1/2,C3
ミリグラム,1175,1175,8039,名詞,接尾,助数詞,*,*,*,ミリグラム,ミリグラム,ミリグラム,0/5,*
玉,1175,1175,10272,名詞,接尾,助数詞,*,*,*,玉,タマ,タマ,2/2,C4
ｐａ,1175,1175,10463,名詞,接尾,助数詞,*,*,*,ｐａ,パスカル,パスカル,0/4,*
比,1171,1171,5585,名詞,接尾,一般,*,*,*,比,ヒ,ヒ,1/1,C3
重,1175,1175,6876,名詞,接尾,助数詞,*,*,*,重,ジュウ,ジュー,0/2,C4
人民元,1175,1175,8109,名詞,接尾,助数詞,*,*,*,人民元,ジンミンゲン,ジンミンゲン,3/6,C1
前,1171,1171,12680,名詞,接尾,一般,*,*,*,前,ゼン,ゼン,1/2,C1
費,1171,1171,7862,名詞,接尾,一般,*,*,*,費,ヒ,ヒ,1/1,*
箇所,1175,1175,8267,名詞,接尾,助数詞,*,*,*,箇所,カショ,カショ,1/2,C3
項,1175,1175,10256,名詞,接尾,助数詞,*,*,*,項,コウ,コー,1/2,C3
平方キロ,1175,1175,8127,名詞,接尾,助数詞,*,*,*,平方キロ,ヘイホウキロ,ヘイホーキロ,0/6,*
役,1171,1171,6529,名詞,接尾,一般,*,*,*,役,ヤク,ヤク,2/2,C3
越し,1171,1171,7706,名詞,接尾,一般,*,*,*,越し,ゴシ,ゴシ,0/2,C4
デシベル,1175,1175,8055,名詞,接尾,助数詞,*,*,*,デシベル,デシベル,デシベル,0/4,*
超,1171,1171,8548,名詞,接尾,一般,*,*,*,超,チョウ,チョー,0/2,C3
超,1171,1171,10420,名詞,接尾,一般,*,*,*,超,ゴエ,ゴエ,0/2,C3
たて,1171,1171,7352,名詞,接尾,一般,*,*,*,たて,タテ,タテ,0/2,C4
ヤード,1175,1175,7792,名詞,接尾,助数詞,*,*,*,ヤード,ヤード,ヤード,1/3,C1
か村,1175,1175,10590,名詞,接尾,助数詞,*,*,*,か村,カソン,カソン,0/3,*
パック,1175,1175,8061,名詞,接尾,助数詞,*,*,*,パック,パック,パック,1/3,C1
か年,1175,1175,10589,名詞,接尾,助数詞,*,*,*,か年,カネン,カネン,0/3,*
日間,1175,1175,8041,名詞,接尾,助数詞,*,*,*,日間,ニチカン,ニチカン,0/4,*
日,1171,1171,8621,名詞,接尾,一般,*,*,*,日,ビ,ビ,0/1,C3
日,1171,1171,10995,名詞,接尾,一般,*,*,*,日,ニチ,ニチ,0/1,C3
ｃｍ,1175,1175,10463,名詞,接尾,助数詞,*,*,*,ｃｍ,センチメートル,センチメートル,0/7,*
階,1171,1171,6195,名詞,接尾,一般,*,*,*,階,カイ,カイ,1/2,C3
員,1171,1171,6811,名詞,接尾,一般,*,*,*,員,イン,イン,1/2,C3
録,1171,1171,7190,名詞,接尾,一般,*,*,*,録,ロク,ロク,0/2,C3
剤,1171,1171,8247,名詞,接尾,一般,*,*,*,剤,ザイ,ザイ,0/2,*
帳,1171,1171,7017,名詞,接尾,一般,*,*,*,帳,チョウ,チョー,1/2,C4
パーミル,1175,1175,8055,名詞,接尾,助数詞,*,*,*,パーミル,パーミル,パーミル,0/4,*
ｆｅｅｔ,1175,1175,10463,名詞,接尾,助数詞,*,*,*,ｆｅｅｔ,フィート,フィート,0/4,*
匹,1175,1175,8300,名詞,接尾,助数詞,*,*,*,匹,ヒキ,ヒキ,2/2,C3
仏,1171,1171,9569,名詞,接尾,一般,*,*,*,仏,ボトケ,ボトケ,0/3,C2
連れ,1171,1171,5160,名詞,接尾,一般,*,*,*,連れ,ヅレ,ズレ,0/2,C4
すがら,1173,1173,7705,名詞,接尾,副詞可能,*,*,*,すがら,スガラ,スガラ,0/3,*
式,1171,1171,5800,名詞,接尾,一般,*,*,*,式,シキ,シキ,2/2,C3
回生,1175,1175,7843,名詞,接尾,助数詞,*,*,*,回生,カイセイ,カイセイ,0/4,C1
帰り,1171,1171,6510,名詞,接尾,一般,*,*,*,帰り,ガエリ,ガエリ,3/3,C2
調べ,1171,1171,7884,名詞,接尾,一般,*,*,*,調べ,シラベ,シラベ,3/3,C2
玉,1171,1171,6276,名詞,接尾,一般,*,*,*,玉,ダマ,ダマ,2/2,C4
秒,1175,1175,7008,名詞,接尾,助数詞,*,*,*,秒,ビョウ,ビョー,1/2,C3
詠,1171,1171,6369,名詞,接尾,一般,*,*,*,詠,エイ,エイ,0/2,*
しな,1171,1171,9132,名詞,接尾,一般,*,*,*,しな,シナ,シナ,0/2,*
問,1175,1175,7713,名詞,接尾,助数詞,*,*,*,問,モン,モン,0/2,C4
あたり,1173,1173,7852,名詞,接尾,副詞可能,*,*,*,あたり,アタリ,アタリ,1/3,C1
キロリットル,1175,1175,7775,名詞,接尾,助数詞,*,*,*,キロリットル,キロリットル,キロリットル,0/6,*
女,1175,1175,10870,名詞,接尾,助数詞,*,*,*,女,ジョ,ジョ,0/1,C2
角,1171,1171,9096,名詞,接尾,一般,*,*,*,角,カク,カク,1/2,C3
隊,1171,1171,7088,名詞,接尾,一般,*,*,*,隊,タイ,タイ,1/2,C4
辺り,1173,1173,6437,名詞,接尾,副詞可能,*,*,*,辺り,アタリ,アタリ,1/3,C1
酒,1171,1171,5905,名詞,接尾,一般,*,*,*,酒,シュ,シュ,0/2,C3
酒,1171,1171,7800,名詞,接尾,一般,*,*,*,酒,ザケ,ザケ,0/2,C3
とも,1171,1171,8143,名詞,接尾,一般,*,*,*,とも,トモ,トモ,0/2,C3
元,1171,1171,8715,名詞,接尾,一般,*,*,*,元,モト,モト,0/2,C4
ヶ国,1175,1175,7984,名詞,接尾,助数詞,*,*,*,ヶ国,カコク,カコク,0/3,*
種,1171,1171,6811,名詞,接尾,一般,*,*,*,種,シュ,シュ,1/2,C3
柄,1171,1171,5045,名詞,接尾,一般,*,*,*,柄,ガラ,ガラ,0/2,C4
セット,1175,1175,6363,名詞,接尾,助数詞,*,*,*,セット,セット,セット,1/3,C1
週間,1175,1175,7377,名詞,接尾,助数詞,*,*,*,週間,シュウカン,シューカン,0/4,C2
里,1175,1175,11054,名詞,接尾,助数詞,*,*,*,里,リ,リ,1/1,C3
ｍｏｌ,1175,1175,10463,名詞,接尾,助数詞,*,*,*,ｍｏｌ,モル,モル,0/2,*
貫,1175,1175,10295,名詞,接尾,助数詞,*,*,*,貫,カン,カン,1/2,C3
切り,1171,1171,7590,名詞,接尾,一般,*,*,*,切り,ギリ,ギリ,2/2,C4
切り,1171,1171,8573,名詞,接尾,一般,*,*,*,切り,キリ,キリ,2/2,C4
発,1171,1171,7491,名詞,接尾,一般,*,*,*,発,ハツ,ハツ,1/2,C3
発,1171,1171,10154,名詞,接尾,一般,*,*,*,発,パツ,パツ,1/2,C3
理,1171,1171,11035,名詞,接尾,一般,*,*,*,理,リ,リ,1/1,C3
年版,1175,1175,9013,名詞,接尾,助数詞,*,*,*,年版,ネンバン,ネンバン,0/4,*
細工,1171,1171,7980,名詞,接尾,一般,*,*,*,細工,ザイク,ザイク,0/3,C2
勢,1171,1171,8031,名詞,接尾,一般,*,*,*,勢,ゼイ,ゼイ,1/2,C3
話,1175,1175,9890,名詞,接尾,助数詞,*,*,*,話,ワ,ワ,1/1,C2
ヶ年,1175,1175,8055,名詞,接尾,助数詞,*,*,*,ヶ年,カネン,カネン,0/3,*
びらき,1171,1171,8657,名詞,接尾,一般,*,*,*,びらき,ビラキ,ビラキ,0/3,*
浴,1171,1171,7177,名詞,接尾,一般,*,*,*,浴,ヨク,ヨク,0/2,C3
人前,1175,1175,9089,名詞,接尾,助数詞,*,*,*,人前,ニンマエ,ニンマエ,0/4,C2
クン,1172,1172,6105,名詞,接尾,人名,*,*,*,クン,クン,クン,0/2,*
連,1175,1175,8732,名詞,接尾,助数詞,*,*,*,連,レン,レン,1/2,C3
ピーピーエム,1175,1175,8053,名詞,接尾,助数詞,*,*,*,ピーピーエム,ピーピーエム,ピーピーエム,0/6,*
票,1175,1175,8698,名詞,接尾,助数詞,*,*,*,票,ヒョウ,ヒョー,0/2,C3
混じり,1171,1171,6358,名詞,接尾,一般,*,*,*,混じり,マジリ,マジリ,0/3,*
家,1171,1171,6959,名詞,接尾,一般,*,*,*,家,カ,カ,1/1,C3
家,1171,1171,8611,名詞,接尾,一般,*,*,*,家,ケ,ケ,1/1,C3
杯,1175,1175,8419,名詞,接尾,助数詞,*,*,*,杯,ハイ,ハイ,0/2,C3
マレーシアドル,1175,1175,8052,名詞,接尾,助数詞,*,*,*,マレーシアドル,マレーシアドル,マレーシアドル,0/7,*
円,1175,1175,6372,名詞,接尾,助数詞,*,*,*,円,エン,エン,1/2,C3
堂,1171,1171,8523,名詞,接尾,一般,*,*,*,堂,ドウ,ドー,0/2,C4
坂,1171,1171,5876,名詞,接尾,一般,*,*,*,坂,ザカ,ザカ,2/2,C3
ぴき,1175,1175,10531,名詞,接尾,助数詞,*,*,*,ぴき,ピキ,ピキ,0/2,*
頃,1173,1173,6470,名詞,接尾,副詞可能,*,*,*,頃,ゴロ,ゴロ,0/2,*
冊,1175,1175,7234,名詞,接尾,助数詞,*,*,*,冊,サツ,サツ,0/2,C3
ルピア,1175,1175,8055,名詞,接尾,助数詞,*,*,*,ルピア,ルピア,ルピア,1/3,C1
児,1175,1175,9244,名詞,接尾,助数詞,*,*,*,児,ジ,ジ,0/1,C3
ｗ,1175,1175,10557,名詞,接尾,助数詞,*,*,*,ｗ,ワット,ワット,0/3,*
売り,1171,1171,11975,名詞,接尾,一般,*,*,*,売り,ウリ,ウリ,0/2,*
はだし,1171,1171,8648,名詞,接尾,一般,*,*,*,はだし,ハダシ,ハダシ,0/3,C2
兵,1171,1171,7251,名詞,接尾,一般,*,*,*,兵,ヘイ,ヘイ,1/2,C3
機,1171,1171,6390,名詞,接尾,一般,*,*,*,機,キ,キ,1/1,C3
コース,1175,1175,10143,名詞,接尾,助数詞,*,*,*,コース,コース,コース,1/3,C1
ボリバル,1175,1175,8055,名詞,接尾,助数詞,*,*,*,ボリバル,ボリバル,ボリバル,1/4,C1
話,1170,1170,8364,名詞,接尾,サ変接続,*,*,*,話,バナシ,バナシ,3/3,C2
斗,1175,1175,8867,名詞,接尾,助数詞,*,*,*,斗,ト,ト,1/1,C3
ペンス,1175,1175,8055,名詞,接尾,助数詞,*,*,*,ペンス,ペンス,ペンス,1/3,C1
とり,1171,1171,10551,名詞,接尾,一般,*,*,*,とり,トリ,トリ,0/2,C3
ぞろい,1171,1171,8624,名詞,接尾,一般,*,*,*,ぞろい,ゾロイ,ゾロイ,0/3,*
すじ,1175,1175,11645,名詞,接尾,助数詞,*,*,*,すじ,スジ,スジ,1/2,C3
勝ち,1171,1171,4604,名詞,接尾,一般,*,*,*,勝ち,ガチ,ガチ,0/2,C4
箇年,1175,1175,8126,名詞,接尾,助数詞,*,*,*,箇年,カネン,カネン,0/3,*
たて,1178,1178,8725,名詞,接尾,特殊,*,*,*,たて,タテ,タテ,0/2,C4
モード,1175,1175,8426,名詞,接尾,助数詞,*,*,*,モード,モード,モード,1/3,C1
ぶり,1171,1171,7436,名詞,接尾,一般,*,*,*,ぶり,ブリ,ブリ,0/2,C4
ｍＡ,1175,1175,10463,名詞,接尾,助数詞,*,*,*,ｍＡ,ミリアンペア,ミリアンペア,0/6,*
アンダー,1175,1175,6853,名詞,接尾,助数詞,*,*,*,アンダー,アンダー,アンダー,1/4,C1
ｍｇ,1175,1175,10461,名詞,接尾,助数詞,*,*,*,ｍｇ,ミリグラム,ミリグラム,0/5,*
針,1175,1175,9175,名詞,接尾,助数詞,*,*,*,針,ハリ,ハリ,1/2,C3
頁,1175,1175,8122,名詞,接尾,助数詞,*,*,*,頁,ページ,ページ,0/3,C2
づくり,1171,1171,8397,名詞,接尾,一般,*,*,*,づくり,ヅクリ,ズクリ,1/3,C1
とせ,1175,1175,10560,名詞,接尾,助数詞,*,*,*,とせ,トセ,トセ,0/2,C3
表,1171,1171,7604,名詞,接尾,一般,*,*,*,表,ヒョウ,ヒョー,0/2,C4
ミリワット,1175,1175,8055,名詞,接尾,助数詞,*,*,*,ミリワット,ミリワット,ミリワット,0/5,*
後,1173,1173,5691,名詞,接尾,副詞可能,*,*,*,後,ゴ,ゴ,1/1,C3
後,1173,1173,8974,名詞,接尾,副詞可能,*,*,*,後,ノチ,ノチ,1/1,C3
地,1171,1171,7975,名詞,接尾,一般,*,*,*,地,チ,チ,1/1,C3
ミリリットル,1175,1175,7894,名詞,接尾,助数詞,*,*,*,ミリリットル,ミリリットル,ミリリットル,0/6,*
星,1171,1171,7605,名詞,接尾,一般,*,*,*,星,ボシ,ボシ,0/2,C3
換わり,1171,1171,6518,名詞,接尾,一般,*,*,*,換わり,ガワリ,ガワリ,0/3,*
調,1171,1171,8361,名詞,接尾,一般,*,*,*,調,チョウ,チョー,0/3,*
形,1171,1171,8467,名詞,接尾,一般,*,*,*,形,ガタ,ガタ,0/2,C2
形,1171,1171,7677,名詞,接尾,一般,*,*,*,形,ケイ,ケイ,0/2,C2
放題,1171,1171,5268,名詞,接尾,一般,*,*,*,放題,ホウダイ,ホーダイ,1/4,C1
手,1175,1175,9373,名詞,接尾,助数詞,*,*,*,手,テ,テ,1/1,C3
卒,1171,1171,4648,名詞,接尾,一般,*,*,*,卒,ソツ,ソツ,1/2,C3
外,1171,1171,7404,名詞,接尾,一般,*,*,*,外,ガイ,ガイ,1/2,C3
巡り,1171,1171,7373,名詞,接尾,一般,*,*,*,巡り,メグリ,メグリ,0/3,C2
橋,1171,1171,6420,名詞,接尾,一般,*,*,*,橋,キョウ,キョー,2/2,C3
橋,1171,1171,7913,名詞,接尾,一般,*,*,*,橋,バシ,バシ,2/2,C3
車,1171,1171,7548,名詞,接尾,一般,*,*,*,車,シャ,シャ,0/3,C2
車,1171,1171,9960,名詞,接尾,一般,*,*,*,車,クルマ,クルマ,0/3,C2
市,1176,1176,6664,名詞,接尾,地域,*,*,*,市,シ,シ,1/2,C3
市,1176,1176,12169,名詞,接尾,地域,*,*,*,市,イチ,イチ,1/2,C3
判,1175,1175,9632,名詞,接尾,助数詞,*,*,*,判,バン,バン,1/2,C4
キロワット,1175,1175,7833,名詞,接尾,助数詞,*,*,*,キロワット,キロワット,キロワット,0/5,*
度,1171,1171,7190,名詞,接尾,一般,*,*,*,度,ド,ド,0/1,C3
ノット,1175,1175,8096,名詞,接尾,助数詞,*,*,*,ノット,ノット,ノット,1/3,C1
平米,1175,1175,8126,名詞,接尾,助数詞,*,*,*,平米,ヘイベイ,ヘーベー,1/4,C1
隠し,1171,1171,8781,名詞,接尾,一般,*,*,*,隠し,カクシ,カクシ,3/3,C1
おき,1171,1171,9195,名詞,接尾,一般,*,*,*,おき,オキ,オキ,0/2,C3
ぐらし,1171,1171,8843,名詞,接尾,一般,*,*,*,ぐらし,グラシ,グラシ,0/3,*
たち,1171,1171,5657,名詞,接尾,一般,*,*,*,たち,タチ,タチ,1/2,C3
どの,1172,1172,7415,名詞,接尾,人名,*,*,*,どの,ドノ,ドノ,0/2,*
ｋワット,1175,1175,10438,名詞,接尾,助数詞,*,*,*,ｋワット,キロワット,キロワット,0/5,*
ずつ,1171,1171,9607,名詞,接尾,一般,*,*,*,ずつ,ズツ,ズツ,0/2,*
業,1171,1171,8389,名詞,接尾,一般,*,*,*,業,ギョウ,ギョー,1/2,C3
業,1171,1171,10905,名詞,接尾,一般,*,*,*,業,ゴウ,ゴー,1/2,C3
株,1175,1175,9887,名詞,接尾,助数詞,*,*,*,株,カブ,カブ,0/2,C3
暦,1171,1171,6650,名詞,接尾,一般,*,*,*,暦,レキ,レキ,1/2,C2
晩,1175,1175,7401,名詞,接尾,助数詞,*,*,*,晩,バン,バン,0/2,*
質,1171,1171,7642,名詞,接尾,一般,*,*,*,質,シツ,シツ,0/2,C3
家,1175,1175,10389,名詞,接尾,助数詞,*,*,*,家,イエ,イエ,2/2,C3
筆,1175,1175,9167,名詞,接尾,助数詞,*,*,*,筆,ピツ,ピツ,1/2,C3
料,1171,1171,7333,名詞,接尾,一般,*,*,*,料,リョウ,リョー,1/2,C3
杯,1171,1171,5332,名詞,接尾,一般,*,*,*,杯,ハイ,ハイ,1/2,C3
どころ,1171,1171,9239,名詞,接尾,一般,*,*,*,どころ,ドコロ,ドコロ,0/3,*
部,1171,1171,8397,名詞,接尾,一般,*,*,*,部,ブ,ブ,1/1,C3
シート,1175,1175,7527,名詞,接尾,助数詞,*,*,*,シート,シート,シート,1/3,C1
国,1171,1171,7604,名詞,接尾,一般,*,*,*,国,コク,コク,0/2,C3
なし,1171,1171,11862,名詞,接尾,一般,*,*,*,なし,ナシ,ナシ,0/2,C4
フラン,1175,1175,8170,名詞,接尾,助数詞,*,*,*,フラン,フラン,フラン,1/3,C1
筒,1171,1171,6461,名詞,接尾,一般,*,*,*,筒,トウ,トー,0/2,C4
メガサイクル,1175,1175,8055,名詞,接尾,助数詞,*,*,*,メガサイクル,メガサイクル,メガサイクル,0/6,*
ならでは,1171,1171,8929,名詞,接尾,一般,*,*,*,ならでは,ナラデハ,ナラデワ,0/4,*
子,1175,1175,10037,名詞,接尾,助数詞,*,*,*,子,シ,シ,0/1,C4
ずし,1171,1171,8648,名詞,接尾,一般,*,*,*,ずし,ズシ,ズシ,0/2,*
屋,1171,1171,6653,名詞,接尾,一般,*,*,*,屋,ヤ,ヤ,1/1,C4
気圧,1175,1175,8733,名詞,接尾,助数詞,*,*,*,気圧,キアツ,キアツ,0/3,C1
側,1171,1171,5797,名詞,接尾,一般,*,*,*,側,ガワ,ガワ,2/2,C4
側,1171,1171,9688,名詞,接尾,一般,*,*,*,側,カワ,カワ,2/2,C4
棟,1175,1175,6405,名詞,接尾,助数詞,*,*,*,棟,ムネ,ムネ,2/2,C3
棟,1175,1175,8994,名詞,接尾,助数詞,*,*,*,棟,トウ,トー,2/2,C3
度,1175,1175,5956,名詞,接尾,助数詞,*,*,*,度,ド,ド,0/1,C3
顔,1171,1171,5047,名詞,接尾,一般,*,*,*,顔,ガオ,ガオ,0/2,C3
顔,1171,1171,7964,名詞,接尾,一般,*,*,*,顔,カオ,カオ,0/2,C3
ちゃーん,1172,1172,6867,名詞,接尾,人名,*,*,*,ちゃーん,チャーン,チャーン,0/4,*
寄り,1171,1171,6737,名詞,接尾,一般,*,*,*,寄り,ヨリ,ヨリ,0/2,C4
電,1171,1171,7958,名詞,接尾,一般,*,*,*,電,デン,デン,0/2,*
君,1172,1172,4586,名詞,接尾,人名,*,*,*,君,クン,クン,0/2,C5
マイクロメートル,1175,1175,8055,名詞,接尾,助数詞,*,*,*,マイクロメートル,マイクロメートル,マイクロメートル,0/8,*
分ノ,1175,1175,8147,名詞,接尾,助数詞,*,*,*,分ノ,ブンノ,ブンノ,0/3,*
灯,1171,1171,5312,名詞,接尾,一般,*,*,*,灯,トウ,トー,1/2,C3
騎,1175,1175,9220,名詞,接尾,助数詞,*,*,*,騎,キ,キ,1/1,*
粒,1171,1171,5895,名詞,接尾,一般,*,*,*,粒,ツブ,ツブ,1/2,C3
新,1171,1171,9594,名詞,接尾,一般,*,*,*,新,シン,シン,1/2,C1
委,1171,1171,9015,名詞,接尾,一般,*,*,*,委,イ,イ,1/1,*
番線,1175,1175,7911,名詞,接尾,助数詞,*,*,*,番線,バンセン,バンセン,0/4,C2
種,1175,1175,8821,名詞,接尾,助数詞,*,*,*,種,シュ,シュ,1/1,C3
缶,1175,1175,9411,名詞,接尾,助数詞,*,*,*,缶,カン,カン,1/2,C3
蒸し,1171,1171,7941,名詞,接尾,一般,*,*,*,蒸し,ムシ,ムシ,0/2,*
節,1171,1171,7515,名詞,接尾,一般,*,*,*,節,ブシ,ブシ,1/2,C3
ポンド,1175,1175,7867,名詞,接尾,助数詞,*,*,*,ポンド,ポンド,ポンド,1/3,C1
把,1175,1175,8139,名詞,接尾,助数詞,*,*,*,把,ワ,ワ,1/1,*
み,1178,1178,12371,名詞,接尾,特殊,*,*,*,み,ミ,ミ,0/1,C4
座,1171,1171,8983,名詞,接尾,一般,*,*,*,座,ザ,ザ,0/1,C4
ｍｍ,1175,1175,10463,名詞,接尾,助数詞,*,*,*,ｍｍ,ミリメートル,ミリメートル,0/6,*
カ年,1175,1175,8055,名詞,接尾,助数詞,*,*,*,カ年,カネン,カネン,0/3,*
積み,1171,1171,7087,名詞,接尾,一般,*,*,*,積み,ヅミ,ズミ,0/2,C4
月,1171,1171,11455,名詞,接尾,一般,*,*,*,月,ガツ,ガツ,2/2,C3
ヵ所,1175,1175,8209,名詞,接尾,助数詞,*,*,*,ヵ所,カショ,カショ,0/3,*
キロカロリー,1175,1175,7554,名詞,接尾,助数詞,*,*,*,キロカロリー,キロカロリー,キロカロリー,0/6,*
苦,1171,1171,6346,名詞,接尾,一般,*,*,*,苦,ク,ク,1/1,C3
殺し,1171,1171,6312,名詞,接尾,一般,*,*,*,殺し,ゴロシ,ゴロシ,0/3,C1
舎,1171,1171,7442,名詞,接尾,一般,*,*,*,舎,シャ,シャ,1/1,C3
関,1171,1171,8328,名詞,接尾,一般,*,*,*,関,セキ,セキ,1/2,C3
升,1175,1175,9324,名詞,接尾,助数詞,*,*,*,升,ショウ,ショー,1/2,C3
等,1175,1175,8923,名詞,接尾,助数詞,*,*,*,等,トウ,トー,1/2,C1
層,1171,1171,7451,名詞,接尾,一般,*,*,*,層,ソウ,ソー,1/2,C3
凧,1171,1171,6474,名詞,接尾,一般,*,*,*,凧,ダコ,ダコ,0/2,C1
立て,1171,1171,5959,名詞,接尾,一般,*,*,*,立て,ダテ,ダテ,1/2,C3
立て,1171,1171,7550,名詞,接尾,一般,*,*,*,立て,タテ,タテ,1/2,C3
波,1175,1175,9297,名詞,接尾,助数詞,*,*,*,波,ハ,ハ,1/1,C3
雪,1171,1171,8269,名詞,接尾,一般,*,*,*,雪,セツ,セツ,2/2,C3
件,1175,1175,6527,名詞,接尾,助数詞,*,*,*,件,ケン,ケン,1/2,C3
ワット,1175,1175,8530,名詞,接尾,助数詞,*,*,*,ワット,ワット,ワット,1/3,C1
ランド,1175,1175,8469,名詞,接尾,助数詞,*,*,*,ランド,ランド,ランド,1/3,C1
等席,1175,1175,8107,名詞,接尾,助数詞,*,*,*,等席,トウセキ,トーセキ,0/4,*
オクターブ,1175,1175,8055,名詞,接尾,助数詞,*,*,*,オクターブ,オクターブ,オクターブ,3/5,C1
懇,1171,1171,7462,名詞,接尾,一般,*,*,*,懇,コン,コン,1/2,C4
過ぎ,1173,1173,7098,名詞,接尾,副詞可能,*,*,*,過ぎ,スギ,スギ,0/2,*
願,1171,1171,6575,名詞,接尾,一般,*,*,*,願,ネガイ,ネガイ,2/3,C2
願,1171,1171,7823,名詞,接尾,一般,*,*,*,願,ガン,ガン,2/3,C2
届,1171,1171,5974,名詞,接尾,一般,*,*,*,届,トドケ,トドケ,0/3,C2
ぐるみ,1171,1171,8641,名詞,接尾,一般,*,*,*,ぐるみ,グルミ,グルミ,0/3,*
灯,1175,1175,7618,名詞,接尾,助数詞,*,*,*,灯,トウ,トー,1/2,C3
ヘクタール,1175,1175,8046,名詞,接尾,助数詞,*,*,*,ヘクタール,ヘクタール,ヘクタール,0/5,*
囚,1171,1171,5741,名詞,接尾,一般,*,*,*,囚,シュウ,シュー,0/3,*
隻,1175,1175,8044,名詞,接尾,助数詞,*,*,*,隻,セキ,セキ,0/2,C3
ミリメートル,1175,1175,8055,名詞,接尾,助数詞,*,*,*,ミリメートル,ミリメートル,ミリメートル,3/6,C1
愛,1171,1171,6934,名詞,接尾,一般,*,*,*,愛,アイ,アイ,1/2,C3
無し,1171,1171,5960,名詞,接尾,一般,*,*,*,無し,ナシ,ナシ,1/2,C3
ごい,1171,1171,8688,名詞,接尾,一般,*,*,*,ごい,ゴイ,ゴイ,0/2,C3
勝,1171,1171,7947,名詞,接尾,一般,*,*,*,勝,ショウ,ショー,1/2,C4
会,1171,1171,6018,名詞,接尾,一般,*,*,*,会,カイ,カイ,1/2,C3
節,1175,1175,8422,名詞,接尾,助数詞,*,*,*,節,セツ,セツ,1/2,C3
はん,1172,1172,7757,名詞,接尾,人名,*,*,*,はん,ハン,ハン,1/2,C5
ｋグラム,1175,1175,10458,名詞,接尾,助数詞,*,*,*,ｋグラム,キログラム,キログラム,0/5,*
級,1171,1171,6958,名詞,接尾,一般,*,*,*,級,キュウ,キュー,1/2,C3
ｄｌ,1175,1175,10463,名詞,接尾,助数詞,*,*,*,ｄｌ,デシリットル,デシリットル,0/6,*
ギルダー,1175,1175,8055,名詞,接尾,助数詞,*,*,*,ギルダー,ギルダー,ギルダー,1/4,C1
進,1175,1175,8824,名詞,接尾,助数詞,*,*,*,進,シン,シン,0/2,C4
ペア,1175,1175,8705,名詞,接尾,助数詞,*,*,*,ペア,ペア,ペア,1/2,C1
回り,1175,1175,9035,名詞,接尾,助数詞,*,*,*,回り,マワリ,マワリ,0/3,C2
ケ条,1175,1175,8055,名詞,接尾,助数詞,*,*,*,ケ条,カジョウ,カジョー,0/4,*
ばやし,1171,1171,8622,名詞,接尾,一般,*,*,*,ばやし,バヤシ,バヤシ,0/3,*
ぜん,1175,1175,11425,名詞,接尾,助数詞,*,*,*,ぜん,ゼン,ゼン,0/2,C3
池,1171,1171,7699,名詞,接尾,一般,*,*,*,池,チ,チ,1/1,C3
乗,1175,1175,8855,名詞,接尾,助数詞,*,*,*,乗,ジョウ,ジョー,0/3,*
べり,1171,1171,7771,名詞,接尾,一般,*,*,*,べり,ベリ,ベリ,0/2,C4
差し,1175,1175,8700,名詞,接尾,助数詞,*,*,*,差し,サシ,サシ,2/2,C3
尺,1175,1175,7897,名詞,接尾,助数詞,*,*,*,尺,シャク,シャク,2/2,C3
区,1176,1176,6542,名詞,接尾,地域,*,*,*,区,ク,ク,1/1,C3
ａ,1175,1175,12918,名詞,接尾,助数詞,*,*,*,ａ,アール,アール,0/3,*
歳児,1175,1175,7966,名詞,接尾,助数詞,*,*,*,歳児,サイジ,サイジ,0/3,*
艦,1171,1171,6665,名詞,接尾,一般,*,*,*,艦,カン,カン,1/2,C4
つがい,1175,1175,11645,名詞,接尾,助数詞,*,*,*,つがい,ツガイ,ツガイ,0/3,C2
ヵ国,1175,1175,7984,名詞,接尾,助数詞,*,*,*,ヵ国,カコク,カコク,0/3,*
ケ月,1175,1175,8415,名詞,接尾,助数詞,*,*,*,ケ月,カゲツ,カゲツ,0/3,*
片,1171,1171,7408,名詞,接尾,一般,*,*,*,片,ヘン,ヘン,1/2,C3
力,1171,1171,7805,名詞,接尾,一般,*,*,*,力,リョク,リョク,3/3,C2
ケ年,1175,1175,8055,名詞,接尾,助数詞,*,*,*,ケ年,カネン,カネン,0/3,*
号,1171,1171,4652,名詞,接尾,一般,*,*,*,号,ゴウ,ゴー,1/2,C3
炉,1171,1171,3716,名詞,接尾,一般,*,*,*,炉,ロ,ロ,0/1,C3
イニング,1175,1175,4716,名詞,接尾,助数詞,*,*,*,イニング,イニング,イニング,1/4,C1
平方センチメートル,1175,1175,8126,名詞,接尾,助数詞,*,*,*,平方センチメートル,ヘイホウセンチメートル,ヘイホーセンチメートル,0/11,*
つかみ,1175,1175,11057,名詞,接尾,助数詞,*,*,*,つかみ,ツカミ,ツカミ,0/3,*
来,1173,1173,7159,名詞,接尾,副詞可能,*,*,*,来,ライ,ライ,0/2,*
回戦,1175,1175,5618,名詞,接尾,助数詞,*,*,*,回戦,カイセン,カイセン,0/4,*
ころ,1173,1173,10559,名詞,接尾,副詞可能,*,*,*,ころ,コロ,コロ,0/2,*
重ね,1175,1175,8296,名詞,接尾,助数詞,*,*,*,重ね,カサネ,カサネ,0/3,C1
弾,1175,1175,7896,名詞,接尾,助数詞,*,*,*,弾,ダン,ダン,0/2,C3
口,1171,1171,9110,名詞,接尾,一般,*,*,*,口,グチ,グチ,1/2,C3
口,1171,1171,8240,名詞,接尾,一般,*,*,*,口,コウ,コー,1/2,C3
口,1171,1171,9923,名詞,接尾,一般,*,*,*,口,クチ,クチ,1/2,C3
着,1175,1175,7634,名詞,接尾,助数詞,*,*,*,着,チャク,チャク,1/2,C3
キュリー,1175,1175,8055,名詞,接尾,助数詞,*,*,*,キュリー,キュリー,キュリー,1/3,C1
っきり,1173,1173,8019,名詞,接尾,副詞可能,*,*,*,っきり,ッキリ,ッキリ,0/3,*
裏,1171,1171,8738,名詞,接尾,一般,*,*,*,裏,ウラ,ウラ,2/2,C4
裏,1171,1171,9232,名詞,接尾,一般,*,*,*,裏,リ,リ,2/2,C4
キログラム,1175,1175,8010,名詞,接尾,助数詞,*,*,*,キログラム,キログラム,キログラム,0/5,*
ヤール,1175,1175,8055,名詞,接尾,助数詞,*,*,*,ヤール,ヤール,ヤール,1/3,C1
校,1171,1171,7764,名詞,接尾,一般,*,*,*,校,コウ,コー,1/2,C3
宴,1171,1171,7389,名詞,接尾,一般,*,*,*,宴,エン,エン,0/2,C2
脚,1175,1175,10156,名詞,接尾,助数詞,*,*,*,脚,キャク,キャク,1/2,C3
型,1171,1171,5606,名詞,接尾,一般,*,*,*,型,ガタ,ガタ,2/2,C4
型,1171,1171,8845,名詞,接尾,一般,*,*,*,型,ケイ,ケイ,2/2,C4
型,1171,1171,9671,名詞,接尾,一般,*,*,*,型,カタ,カタ,2/2,C4
位,1171,1171,6442,名詞,接尾,一般,*,*,*,位,イ,イ,0/1,C2
卓,1175,1175,8019,名詞,接尾,助数詞,*,*,*,卓,タク,タク,2/2,C4
どまり,1171,1171,8783,名詞,接尾,一般,*,*,*,どまり,ドマリ,ドマリ,0/3,*
罪,1171,1171,8318,名詞,接尾,一般,*,*,*,罪,ザイ,ザイ,1/2,C3
躯,1175,1175,4573,名詞,接尾,助数詞,*,*,*,躯,ク,ク,1/1,C3
系,1171,1171,5628,名詞,接尾,一般,*,*,*,系,ケイ,ケイ,1/2,C3
丁,1175,1175,9083,名詞,接尾,助数詞,*,*,*,丁,チョウ,チョー,1/2,C3
回し,1171,1171,7727,名詞,接尾,一般,*,*,*,回し,マワシ,マワシ,0/3,C1
億,1175,1175,10427,名詞,接尾,助数詞,*,*,*,億,オク,オク,1/2,C3
婦,1171,1171,6719,名詞,接尾,一般,*,*,*,婦,フ,フ,1/1,C3
板,1171,1171,7235,名詞,接尾,一般,*,*,*,板,バン,バン,1/2,C3
題,1175,1175,9492,名詞,接尾,助数詞,*,*,*,題,ダイ,ダイ,1/2,C3
妃,1171,1171,4547,名詞,接尾,一般,*,*,*,妃,ヒ,ヒ,1/1,C3
社,1175,1175,9204,名詞,接尾,助数詞,*,*,*,社,シャ,シャ,1/1,C3
民,1171,1171,9957,名詞,接尾,一般,*,*,*,民,ミン,ミン,1/2,C3
事,1171,1171,9488,名詞,接尾,一般,*,*,*,事,ゴト,ゴト,2/2,C3
事,1171,1171,10002,名詞,接尾,一般,*,*,*,事,ジ,ジ,2/2,C3
ゾーン,1175,1175,7339,名詞,接尾,助数詞,*,*,*,ゾーン,ゾーン,ゾーン,1/3,C1
すぎ,1171,1171,9004,名詞,接尾,一般,*,*,*,すぎ,スギ,スギ,0/2,*
譲り,1171,1171,5965,名詞,接尾,一般,*,*,*,譲り,ユズリ,ユズリ,0/3,C1
熱,1171,1171,3188,名詞,接尾,一般,*,*,*,熱,ネツ,ネツ,2/2,C3
マルク,1175,1175,8278,名詞,接尾,助数詞,*,*,*,マルク,マルク,マルク,1/3,C1
極,1175,1175,8680,名詞,接尾,助数詞,*,*,*,極,キョク,キョク,1/2,C3
感,1171,1171,5558,名詞,接尾,一般,*,*,*,感,カン,カン,1/2,C3
益,1171,1171,7201,名詞,接尾,一般,*,*,*,益,エキ,エキ,1/2,C3
出,1171,1171,8655,名詞,接尾,一般,*,*,*,出,デ,デ,0/1,C4
才,1175,1175,8738,名詞,接尾,助数詞,*,*,*,才,サイ,サイ,1/2,C3
液,1171,1171,7632,名詞,接尾,一般,*,*,*,液,エキ,エキ,1/2,C3
管,1171,1171,7800,名詞,接尾,一般,*,*,*,管,カン,カン,1/2,C4
男,1175,1175,10391,名詞,接尾,助数詞,*,*,*,男,ナン,ナン,1/2,C2
台,1171,1171,7540,名詞,接尾,一般,*,*,*,台,ダイ,ダイ,1/2,C3
流,1175,1175,8562,名詞,接尾,助数詞,*,*,*,流,リュウ,リュー,1/2,C4
びき,1175,1175,10632,名詞,接尾,助数詞,*,*,*,びき,ビキ,ビキ,0/2,*
Ω,1175,1175,5366,名詞,接尾,助数詞,*,*,*,Ω,オーム,オーム,0/3,*
氏,1172,1172,5251,名詞,接尾,人名,*,*,*,氏,シ,シ,1/1,C5
兄,1171,1171,7397,名詞,接尾,一般,*,*,*,兄,ケイ,ケイ,1/2,C3
オングストローム,1175,1175,8055,名詞,接尾,助数詞,*,*,*,オングストローム,オングストローム,オングストローム,0/8,*
症,1171,1171,8029,名詞,接尾,一般,*,*,*,症,ショウ,ショー,0/3,*
かけ,1175,1175,12101,名詞,接尾,助数詞,*,*,*,かけ,カケ,カケ,2/2,C3
足,1175,1175,9903,名詞,接尾,助数詞,*,*,*,足,ソク,ソク,2/2,C3
ヵ条,1175,1175,8055,名詞,接尾,助数詞,*,*,*,ヵ条,カジョウ,カジョー,0/4,*
棟,1171,1171,5925,名詞,接尾,一般,*,*,*,棟,トウ,トー,1/2,C4
